Id,IndicatorCode,SpatialDimension,SpatialDimensionValueCode,TimeDimension,TimeDim,DisaggregatingDimension1,DisaggregatingDimension1ValueCode,DisaggregatingDimension2,DisaggregatingDimension2ValueCode,DisaggregatingDimension3,DisaggregatingDimension3ValueCode,DataSourceDimension,DataSourceDimensionValueCode,Value,NumericValue,Low,High,Comments,Date,TimeDimensionValue,TimeDimensionBegin,TimeDimensionEnd
20673736,SDGWSHBOD,COUNTRY,AFG,YEAR,2016,SEX,MLE,,,,,,,12.6,12.61297,,,,2019-02-07T13:49:11Z,2016,2016-01-01,2016-12-31
20673737,SDGWSHBOD,COUNTRY,AGO,YEAR,2016,SEX,MLE,,,,,,,52.6,52.62506,,,,2019-02-07T13:49:11Z,2016,2016-01-01,2016-12-31
20673738,SDGWSHBOD,COUNTRY,ALB,YEAR,2016,SEX,MLE,,,,,,,0.2,0.2065,,,,2019-02-07T13:49:11Z,2016,2016-01-01,2016-12-31
20673739,SDGWSHBOD,COUNTRY,ARE,YEAR,2016,SEX,MLE,,,,,,,<0.1,0.0245,,,,2019-02-07T13:49:12Z,2016,2016-01-01,2016-12-31
20673740,SDGWSHBOD,COUNTRY,ARG,YEAR,2016,SEX,MLE,,,,,,,0.3,0.32166,,,,2019-02-07T13:49:12Z,2016,2016-01-01,2016-12-31
20673741,SDGWSHBOD,COUNTRY,ARM,YEAR,2016,SEX,MLE,,,,,,,0.2,0.19032,,,,2019-02-07T13:49:12Z,2016,2016-01-01,2016-12-31
20673742,SDGWSHBOD,COUNTRY,ATG,YEAR,2016,SEX,MLE,,,,,,,0.1,0.12469,,,,2019-02-07T13:49:12Z,2016,2016-01-01,2016-12-31
20673743,SDGWSHBOD,COUNTRY,AUS,YEAR,2016,SEX,MLE,,,,,,,0.1,0.07103,,,,2019-02-07T13:49:12Z,2016,2016-01-01,2016-12-31
20673744,SDGWSHBOD,COUNTRY,AUT,YEAR,2016,SEX,MLE,,,,,,,0.1,0.09539,,,,2019-02-07T13:49:12Z,2016,2016-01-01,2016-12-31
20673745,SDGWSHBOD,COUNTRY,AZE,YEAR,2016,SEX,MLE,,,,,,,1.3,1.28588,,,,2019-02-07T13:49:12Z,2016,2016-01-01,2016-12-31
20673746,SDGWSHBOD,COUNTRY,BDI,YEAR,2016,SEX,MLE,,,,,,,64.0,63.98737,,,,2019-02-07T13:49:12Z,2016,2016-01-01,2016-12-31
20673747,SDGWSHBOD,COUNTRY,BEL,YEAR,2016,SEX,MLE,,,,,,,0.2,0.20645,,,,2019-02-07T13:49:12Z,2016,2016-01-01,2016-12-31
20673748,SDGWSHBOD,COUNTRY,BEN,YEAR,2016,SEX,MLE,,,,,,,65.1,65.12923,,,,2019-02-07T13:49:12Z,2016,2016-01-01,2016-12-31
20673749,SDGWSHBOD,COUNTRY,BFA,YEAR,2016,SEX,MLE,,,,,,,45.5,45.51959,,,,2019-02-07T13:49:12Z,2016,2016-01-01,2016-12-31
20673750,SDGWSHBOD,COUNTRY,BGD,YEAR,2016,SEX,MLE,,,,,,,10.1,10.0935,,,,2019-02-07T13:49:12Z,2016,2016-01-01,2016-12-31
20673751,SDGWSHBOD,COUNTRY,BGR,YEAR,2016,SEX,MLE,,,,,,,0.1,0.12216,,,,2019-02-07T13:49:12Z,2016,2016-01-01,2016-12-31
20673752,SDGWSHBOD,COUNTRY,BHR,YEAR,2016,SEX,MLE,,,,,,,<0.1,0.0344,,,,2019-02-07T13:49:12Z,2016,2016-01-01,2016-12-31
20673753,SDGWSHBOD,COUNTRY,BHS,YEAR,2016,SEX,MLE,,,,,,,0.1,0.07032,,,,2019-02-07T13:49:12Z,2016,2016-01-01,2016-12-31
20673754,SDGWSHBOD,COUNTRY,BIH,YEAR,2016,SEX,MLE,,,,,,,0.1,0.07647,,,,2019-02-07T13:49:12Z,2016,2016-01-01,2016-12-31
20673755,SDGWSHBOD,COUNTRY,BLR,YEAR,2016,SEX,MLE,,,,,,,0.1,0.05022,,,,2019-02-07T13:49:12Z,2016,2016-01-01,2016-12-31
20673756,SDGWSHBOD,COUNTRY,BLZ,YEAR,2016,SEX,MLE,,,,,,,1.0,1.04043,,,,2019-02-07T13:49:12Z,2016,2016-01-01,2016-12-31
20673757,SDGWSHBOD,COUNTRY,BOL,YEAR,2016,SEX,MLE,,,,,,,6.2,6.22563,,,,2019-02-07T13:49:12Z,2016,2016-01-01,2016-12-31
20673758,SDGWSHBOD,COUNTRY,BRA,YEAR,2016,SEX,MLE,,,,,,,1.0,0.97233,,,,2019-02-07T13:49:12Z,2016,2016-01-01,2016-12-31
20673759,SDGWSHBOD,COUNTRY,BRB,YEAR,2016,SEX,MLE,,,,,,,0.1,0.09322,,,,2019-02-07T13:49:12Z,2016,2016-01-01,2016-12-31
20673760,SDGWSHBOD,COUNTRY,BRN,YEAR,2016,SEX,MLE,,,,,,,<0.1,0.04623,,,,2019-02-07T13:49:12Z,2016,2016-01-01,2016-12-31
20673761,SDGWSHBOD,COUNTRY,BTN,YEAR,2016,SEX,MLE,,,,,,,3.4,3.40449,,,,2019-02-07T13:49:12Z,2016,2016-01-01,2016-12-31
20673762,SDGWSHBOD,COUNTRY,BWA,YEAR,2016,SEX,MLE,,,,,,,11.2,11.19871,,,,2019-02-07T13:49:12Z,2016,2016-01-01,2016-12-31
20673763,SDGWSHBOD,COUNTRY,CAF,YEAR,2016,SEX,MLE,,,,,,,89.7,89.68932,,,,2019-02-07T13:49:12Z,2016,2016-01-01,2016-12-31
20673764,SDGWSHBOD,COUNTRY,CAN,YEAR,2016,SEX,MLE,,,,,,,0.3,0.28836,,,,2019-02-07T13:49:12Z,2016,2016-01-01,2016-12-31
20673765,SDGWSHBOD,COUNTRY,CHE,YEAR,2016,SEX,MLE,,,,,,,0.1,0.10629,,,,2019-02-07T13:49:12Z,2016,2016-01-01,2016-12-31
20673766,SDGWSHBOD,COUNTRY,CHL,YEAR,2016,SEX,MLE,,,,,,,0.2,0.17412,,,,2019-02-07T13:49:12Z,2016,2016-01-01,2016-12-31
20673767,SDGWSHBOD,COUNTRY,CHN,YEAR,2016,SEX,MLE,,,,,,,0.5,0.49931,,,,2019-02-07T13:49:12Z,2016,2016-01-01,2016-12-31
20673768,SDGWSHBOD,COUNTRY,CIV,YEAR,2016,SEX,MLE,,,,,,,49.5,49.50985,,,,2019-02-07T13:49:12Z,2016,2016-01-01,2016-12-31
20673769,SDGWSHBOD,COUNTRY,CMR,YEAR,2016,SEX,MLE,,,,,,,46.2,46.16591,,,,2019-02-07T13:49:12Z,2016,2016-01-01,2016-12-31
20673770,SDGWSHBOD,COUNTRY,COD,YEAR,2016,SEX,MLE,,,,,,,69.8,69.76294,,,,2019-02-07T13:49:12Z,2016,2016-01-01,2016-12-31
20673771,SDGWSHBOD,COUNTRY,COG,YEAR,2016,SEX,MLE,,,,,,,43.5,43.5214,,,,2019-02-07T13:49:12Z,2016,2016-01-01,2016-12-31
20673772,SDGWSHBOD,COUNTRY,COL,YEAR,2016,SEX,MLE,,,,,,,0.7,0.73144,,,,2019-02-07T13:49:12Z,2016,2016-01-01,2016-12-31
20673773,SDGWSHBOD,COUNTRY,COM,YEAR,2016,SEX,MLE,,,,,,,51.1,51.12782,,,,2019-02-07T13:49:12Z,2016,2016-01-01,2016-12-31
20673774,SDGWSHBOD,COUNTRY,CPV,YEAR,2016,SEX,MLE,,,,,,,4.3,4.31882,,,,2019-02-07T13:49:12Z,2016,2016-01-01,2016-12-31
20673775,SDGWSHBOD,COUNTRY,CRI,YEAR,2016,SEX,MLE,,,,,,,0.7,0.70192,,,,2019-02-07T13:49:12Z,2016,2016-01-01,2016-12-31
20673776,SDGWSHBOD,COUNTRY,CUB,YEAR,2016,SEX,MLE,,,,,,,1.0,1.00429,,,,2019-02-07T13:49:12Z,2016,2016-01-01,2016-12-31
20673777,SDGWSHBOD,COUNTRY,CYP,YEAR,2016,SEX,MLE,,,,,,,0.3,0.28913,,,,2019-02-07T13:49:12Z,2016,2016-01-01,2016-12-31
20673778,SDGWSHBOD,COUNTRY,CZE,YEAR,2016,SEX,MLE,,,,,,,0.1,0.14554,,,,2019-02-07T13:49:12Z,2016,2016-01-01,2016-12-31
20673779,SDGWSHBOD,COUNTRY,DEU,YEAR,2016,SEX,MLE,,,,,,,0.5,0.4533,,,,2019-02-07T13:49:12Z,2016,2016-01-01,2016-12-31
20673780,SDGWSHBOD,COUNTRY,DJI,YEAR,2016,SEX,MLE,,,,,,,29.4,29.36276,,,,2019-02-07T13:49:12Z,2016,2016-01-01,2016-12-31
20673781,SDGWSHBOD,COUNTRY,DNK,YEAR,2016,SEX,MLE,,,,,,,0.2,0.19373,,,,2019-02-07T13:49:12Z,2016,2016-01-01,2016-12-31
20673782,SDGWSHBOD,COUNTRY,DOM,YEAR,2016,SEX,MLE,,,,,,,2.2,2.22008,,,,2019-02-07T13:49:12Z,2016,2016-01-01,2016-12-31
20673783,SDGWSHBOD,COUNTRY,DZA,YEAR,2016,SEX,MLE,,,,,,,1.7,1.72837,,,,2019-02-07T13:49:13Z,2016,2016-01-01,2016-12-31
20673784,SDGWSHBOD,COUNTRY,ECU,YEAR,2016,SEX,MLE,,,,,,,0.6,0.62773,,,,2019-02-07T13:49:13Z,2016,2016-01-01,2016-12-31
20673785,SDGWSHBOD,COUNTRY,EGY,YEAR,2016,SEX,MLE,,,,,,,1.8,1.82045,,,,2019-02-07T13:49:13Z,2016,2016-01-01,2016-12-31
20673786,SDGWSHBOD,COUNTRY,ERI,YEAR,2016,SEX,MLE,,,,,,,47.6,47.60817,,,,2019-02-07T13:49:13Z,2016,2016-01-01,2016-12-31
20673787,SDGWSHBOD,COUNTRY,ESP,YEAR,2016,SEX,MLE,,,,,,,0.1,0.11416,,,,2019-02-07T13:49:13Z,2016,2016-01-01,2016-12-31
20673788,SDGWSHBOD,COUNTRY,EST,YEAR,2016,SEX,MLE,,,,,,,<0.1,0.00889,,,,2019-02-07T13:49:13Z,2016,2016-01-01,2016-12-31
20673789,SDGWSHBOD,COUNTRY,ETH,YEAR,2016,SEX,MLE,,,,,,,46.5,46.52964,,,,2019-02-07T13:49:13Z,2016,2016-01-01,2016-12-31
20673790,SDGWSHBOD,COUNTRY,FIN,YEAR,2016,SEX,MLE,,,,,,,<0.1,0.033890000000000003,,,,2019-02-07T13:49:13Z,2016,2016-01-01,2016-12-31
20673791,SDGWSHBOD,COUNTRY,FJI,YEAR,2016,SEX,MLE,,,,,,,3.5,3.52102,,,,2019-02-07T13:49:13Z,2016,2016-01-01,2016-12-31
20673792,SDGWSHBOD,COUNTRY,FRA,YEAR,2016,SEX,MLE,,,,,,,0.2,0.2043,,,,2019-02-07T13:49:13Z,2016,2016-01-01,2016-12-31
20673793,SDGWSHBOD,COUNTRY,FSM,YEAR,2016,SEX,MLE,,,,,,,3.4,3.41712,,,,2019-02-07T13:49:13Z,2016,2016-01-01,2016-12-31
20673794,SDGWSHBOD,COUNTRY,GAB,YEAR,2016,SEX,MLE,,,,,,,22.5,22.45827,,,,2019-02-07T13:49:13Z,2016,2016-01-01,2016-12-31
20673795,SDGWSHBOD,COUNTRY,GBR,YEAR,2016,SEX,MLE,,,,,,,0.1,0.1449,,,,2019-02-07T13:49:13Z,2016,2016-01-01,2016-12-31
20673796,SDGWSHBOD,COUNTRY,GEO,YEAR,2016,SEX,MLE,,,,,,,0.2,0.18981,,,,2019-02-07T13:49:13Z,2016,2016-01-01,2016-12-31
20673797,SDGWSHBOD,COUNTRY,GHA,YEAR,2016,SEX,MLE,,,,,,,18.2,18.23325,,,,2019-02-07T13:49:13Z,2016,2016-01-01,2016-12-31
20673798,SDGWSHBOD,COUNTRY,GIN,YEAR,2016,SEX,MLE,,,,,,,48.3,48.27968,,,,2019-02-07T13:49:13Z,2016,2016-01-01,2016-12-31
20673799,SDGWSHBOD,COUNTRY,GMB,YEAR,2016,SEX,MLE,,,,,,,30.9,30.9008,,,,2019-02-07T13:49:13Z,2016,2016-01-01,2016-12-31
20673800,SDGWSHBOD,COUNTRY,GNB,YEAR,2016,SEX,MLE,,,,,,,37.7,37.66702,,,,2019-02-07T13:49:13Z,2016,2016-01-01,2016-12-31
20673801,SDGWSHBOD,COUNTRY,GNQ,YEAR,2016,SEX,MLE,,,,,,,21.0,20.95419,,,,2019-02-07T13:49:13Z,2016,2016-01-01,2016-12-31
20673802,SDGWSHBOD,COUNTRY,GRC,YEAR,2016,SEX,MLE,,,,,,,<0.1,0.02053,,,,2019-02-07T13:49:13Z,2016,2016-01-01,2016-12-31
20673803,SDGWSHBOD,COUNTRY,GRD,YEAR,2016,SEX,MLE,,,,,,,0.7,0.66771,,,,2019-02-07T13:49:13Z,2016,2016-01-01,2016-12-31
20673804,SDGWSHBOD,COUNTRY,GTM,YEAR,2016,SEX,MLE,,,,,,,6.6,6.61531,,,,2019-02-07T13:49:13Z,2016,2016-01-01,2016-12-31
20673805,SDGWSHBOD,COUNTRY,GUY,YEAR,2016,SEX,MLE,,,,,,,4.1,4.11048,,,,2019-02-07T13:49:13Z,2016,2016-01-01,2016-12-31
20673806,SDGWSHBOD,COUNTRY,HND,YEAR,2016,SEX,MLE,,,,,,,3.4,3.41266,,,,2019-02-07T13:49:13Z,2016,2016-01-01,2016-12-31
20673807,SDGWSHBOD,COUNTRY,HRV,YEAR,2016,SEX,MLE,,,,,,,0.1,0.08007,,,,2019-02-07T13:49:13Z,2016,2016-01-01,2016-12-31
20673808,SDGWSHBOD,COUNTRY,HTI,YEAR,2016,SEX,MLE,,,,,,,27.5,27.53149,,,,2019-02-07T13:49:13Z,2016,2016-01-01,2016-12-31
20673809,SDGWSHBOD,COUNTRY,HUN,YEAR,2016,SEX,MLE,,,,,,,0.2,0.17577,,,,2019-02-07T13:49:13Z,2016,2016-01-01,2016-12-31
20673810,SDGWSHBOD,COUNTRY,IDN,YEAR,2016,SEX,MLE,,,,,,,6.3,6.28416,,,,2019-02-07T13:49:13Z,2016,2016-01-01,2016-12-31
20673811,SDGWSHBOD,COUNTRY,IND,YEAR,2016,SEX,MLE,,,,,,,15.9,15.88761,,,,2019-02-07T13:49:13Z,2016,2016-01-01,2016-12-31
20673812,SDGWSHBOD,COUNTRY,IRL,YEAR,2016,SEX,MLE,,,,,,,<0.1,0.04929,,,,2019-02-07T13:49:13Z,2016,2016-01-01,2016-12-31
20673813,SDGWSHBOD,COUNTRY,IRN,YEAR,2016,SEX,MLE,,,,,,,1.0,0.99813,,,,2019-02-07T13:49:13Z,2016,2016-01-01,2016-12-31
20673814,SDGWSHBOD,COUNTRY,IRQ,YEAR,2016,SEX,MLE,,,,,,,3.8,3.75501,,,,2019-02-07T13:49:13Z,2016,2016-01-01,2016-12-31
20673815,SDGWSHBOD,COUNTRY,ISL,YEAR,2016,SEX,MLE,,,,,,,0.1,0.09137,,,,2019-02-07T13:49:13Z,2016,2016-01-01,2016-12-31
20673816,SDGWSHBOD,COUNTRY,ISR,YEAR,2016,SEX,MLE,,,,,,,0.2,0.20934,,,,2019-02-07T13:49:13Z,2016,2016-01-01,2016-12-31
20673817,SDGWSHBOD,COUNTRY,ITA,YEAR,2016,SEX,MLE,,,,,,,0.1,0.10332,,,,2019-02-07T13:49:13Z,2016,2016-01-01,2016-12-31
20673818,SDGWSHBOD,COUNTRY,JAM,YEAR,2016,SEX,MLE,,,,,,,0.7,0.65308,,,,2019-02-07T13:49:13Z,2016,2016-01-01,2016-12-31
20673819,SDGWSHBOD,COUNTRY,JOR,YEAR,2016,SEX,MLE,,,,,,,0.5,0.46835,,,,2019-02-07T13:49:13Z,2016,2016-01-01,2016-12-31
20673820,SDGWSHBOD,COUNTRY,JPN,YEAR,2016,SEX,MLE,,,,,,,0.1,0.13996,,,,2019-02-07T13:49:13Z,2016,2016-01-01,2016-12-31
20673821,SDGWSHBOD,COUNTRY,KAZ,YEAR,2016,SEX,MLE,,,,,,,0.4,0.37589,,,,2019-02-07T13:49:13Z,2016,2016-01-01,2016-12-31
20673822,SDGWSHBOD,COUNTRY,KEN,YEAR,2016,SEX,MLE,,,,,,,52.6,52.6401,,,,2019-02-07T13:49:13Z,2016,2016-01-01,2016-12-31
20673823,SDGWSHBOD,COUNTRY,KGZ,YEAR,2016,SEX,MLE,,,,,,,0.8,0.81958,,,,2019-02-07T13:49:13Z,2016,2016-01-01,2016-12-31
20673824,SDGWSHBOD,COUNTRY,KHM,YEAR,2016,SEX,MLE,,,,,,,6.6,6.6208,,,,2019-02-07T13:49:13Z,2016,2016-01-01,2016-12-31
20673825,SDGWSHBOD,COUNTRY,KIR,YEAR,2016,SEX,MLE,,,,,,,13.5,13.52841,,,,2019-02-07T13:49:13Z,2016,2016-01-01,2016-12-31
20673826,SDGWSHBOD,COUNTRY,KOR,YEAR,2016,SEX,MLE,,,,,,,1.4,1.38526,,,,2019-02-07T13:49:13Z,2016,2016-01-01,2016-12-31
20673827,SDGWSHBOD,COUNTRY,KWT,YEAR,2016,SEX,MLE,,,,,,,<0.1,0.01501,,,,2019-02-07T13:49:13Z,2016,2016-01-01,2016-12-31
20673828,SDGWSHBOD,COUNTRY,LAO,YEAR,2016,SEX,MLE,,,,,,,11.2,11.1857,,,,2019-02-07T13:49:13Z,2016,2016-01-01,2016-12-31
20673829,SDGWSHBOD,COUNTRY,LBN,YEAR,2016,SEX,MLE,,,,,,,0.7,0.70636,,,,2019-02-07T13:49:13Z,2016,2016-01-01,2016-12-31
20673830,SDGWSHBOD,COUNTRY,LBR,YEAR,2016,SEX,MLE,,,,,,,43.5,43.52787,,,,2019-02-07T13:49:14Z,2016,2016-01-01,2016-12-31
20673831,SDGWSHBOD,COUNTRY,LBY,YEAR,2016,SEX,MLE,,,,,,,0.5,0.50064,,,,2019-02-07T13:49:14Z,2016,2016-01-01,2016-12-31
20673832,SDGWSHBOD,COUNTRY,LCA,YEAR,2016,SEX,MLE,,,,,,,1.0,1.0056,,,,2019-02-07T13:49:14Z,2016,2016-01-01,2016-12-31
20673833,SDGWSHBOD,COUNTRY,LKA,YEAR,2016,SEX,MLE,,,,,,,1.2,1.18001,,,,2019-02-07T13:49:14Z,2016,2016-01-01,2016-12-31
20673834,SDGWSHBOD,COUNTRY,LSO,YEAR,2016,SEX,MLE,,,,,,,38.6,38.55466,,,,2019-02-07T13:49:14Z,2016,2016-01-01,2016-12-31
20673835,SDGWSHBOD,COUNTRY,LTU,YEAR,2016,SEX,MLE,,,,,,,0.1,0.08747,,,,2019-02-07T13:49:14Z,2016,2016-01-01,2016-12-31
20673836,SDGWSHBOD,COUNTRY,LUX,YEAR,2016,SEX,MLE,,,,,,,<0.1,0.03502,,,,2019-02-07T13:49:14Z,2016,2016-01-01,2016-12-31
20673837,SDGWSHBOD,COUNTRY,LVA,YEAR,2016,SEX,MLE,,,,,,,<0.1,0.01559,,,,2019-02-07T13:49:14Z,2016,2016-01-01,2016-12-31
20673838,SDGWSHBOD,COUNTRY,MAR,YEAR,2016,SEX,MLE,,,,,,,1.8,1.8262,,,,2019-02-07T13:49:14Z,2016,2016-01-01,2016-12-31
20673839,SDGWSHBOD,COUNTRY,MDA,YEAR,2016,SEX,MLE,,,,,,,0.1,0.08026,,,,2019-02-07T13:49:14Z,2016,2016-01-01,2016-12-31
20673840,SDGWSHBOD,COUNTRY,MDG,YEAR,2016,SEX,MLE,,,,,,,30.8,30.79443,,,,2019-02-07T13:49:14Z,2016,2016-01-01,2016-12-31
20673841,SDGWSHBOD,COUNTRY,MDV,YEAR,2016,SEX,MLE,,,,,,,0.4,0.36704,,,,2019-02-07T13:49:14Z,2016,2016-01-01,2016-12-31
20673842,SDGWSHBOD,COUNTRY,MEX,YEAR,2016,SEX,MLE,,,,,,,1.0,1.00074,,,,2019-02-07T13:49:14Z,2016,2016-01-01,2016-12-31
20673843,SDGWSHBOD,COUNTRY,MKD,YEAR,2016,SEX,MLE,,,,,,,0.1,0.09112,,,,2019-02-07T13:49:14Z,2016,2016-01-01,2016-12-31
20673844,SDGWSHBOD,COUNTRY,MLI,YEAR,2016,SEX,MLE,,,,,,,70.4,70.35859,,,,2019-02-07T13:49:14Z,2016,2016-01-01,2016-12-31
20673845,SDGWSHBOD,COUNTRY,MLT,YEAR,2016,SEX,MLE,,,,,,,<0.1,0.01205,,,,2019-02-07T13:49:14Z,2016,2016-01-01,2016-12-31
20673846,SDGWSHBOD,COUNTRY,MMR,YEAR,2016,SEX,MLE,,,,,,,13.1,13.06159,,,,2019-02-07T13:49:14Z,2016,2016-01-01,2016-12-31
20673847,SDGWSHBOD,COUNTRY,MNE,YEAR,2016,SEX,MLE,,,,,,,<0.1,0.02872,,,,2019-02-07T13:49:14Z,2016,2016-01-01,2016-12-31
20673848,SDGWSHBOD,COUNTRY,MNG,YEAR,2016,SEX,MLE,,,,,,,1.8,1.7987899999999999,,,,2019-02-07T13:49:14Z,2016,2016-01-01,2016-12-31
20673849,SDGWSHBOD,COUNTRY,MOZ,YEAR,2016,SEX,MLE,,,,,,,28.2,28.23147,,,,2019-02-07T13:49:14Z,2016,2016-01-01,2016-12-31
20673850,SDGWSHBOD,COUNTRY,MRT,YEAR,2016,SEX,MLE,,,,,,,40.7,40.65357,,,,2019-02-07T13:49:14Z,2016,2016-01-01,2016-12-31
20673851,SDGWSHBOD,COUNTRY,MUS,YEAR,2016,SEX,MLE,,,,,,,0.7,0.7433,,,,2019-02-07T13:49:14Z,2016,2016-01-01,2016-12-31
20673852,SDGWSHBOD,COUNTRY,MWI,YEAR,2016,SEX,MLE,,,,,,,29.1,29.10239,,,,2019-02-07T13:49:14Z,2016,2016-01-01,2016-12-31
20673853,SDGWSHBOD,COUNTRY,MYS,YEAR,2016,SEX,MLE,,,,,,,0.4,0.39189,,,,2019-02-07T13:49:14Z,2016,2016-01-01,2016-12-31
20673854,SDGWSHBOD,COUNTRY,NAM,YEAR,2016,SEX,MLE,,,,,,,18.4,18.3678,,,,2019-02-07T13:49:14Z,2016,2016-01-01,2016-12-31
20673855,SDGWSHBOD,COUNTRY,NER,YEAR,2016,SEX,MLE,,,,,,,74.7,74.66392,,,,2019-02-07T13:49:14Z,2016,2016-01-01,2016-12-31
20673856,SDGWSHBOD,COUNTRY,NGA,YEAR,2016,SEX,MLE,,,,,,,71.6,71.58229,,,,2019-02-07T13:49:14Z,2016,2016-01-01,2016-12-31
20673857,SDGWSHBOD,COUNTRY,NIC,YEAR,2016,SEX,MLE,,,,,,,2.4,2.44822,,,,2019-02-07T13:49:14Z,2016,2016-01-01,2016-12-31
20673858,SDGWSHBOD,COUNTRY,NLD,YEAR,2016,SEX,MLE,,,,,,,0.2,0.19296,,,,2019-02-07T13:49:14Z,2016,2016-01-01,2016-12-31
20673859,SDGWSHBOD,COUNTRY,NOR,YEAR,2016,SEX,MLE,,,,,,,0.2,0.16613,,,,2019-02-07T13:49:14Z,2016,2016-01-01,2016-12-31
20673860,SDGWSHBOD,COUNTRY,NPL,YEAR,2016,SEX,MLE,,,,,,,14.9,14.94798,,,,2019-02-07T13:49:14Z,2016,2016-01-01,2016-12-31
20673861,SDGWSHBOD,COUNTRY,NZL,YEAR,2016,SEX,MLE,,,,,,,0.1,0.10384,,,,2019-02-07T13:49:14Z,2016,2016-01-01,2016-12-31
20673862,SDGWSHBOD,COUNTRY,OMN,YEAR,2016,SEX,MLE,,,,,,,<0.1,0.04473,,,,2019-02-07T13:49:14Z,2016,2016-01-01,2016-12-31
20673863,SDGWSHBOD,COUNTRY,PAK,YEAR,2016,SEX,MLE,,,,,,,16.0,15.98665,,,,2019-02-07T13:49:14Z,2016,2016-01-01,2016-12-31
20673864,SDGWSHBOD,COUNTRY,PAN,YEAR,2016,SEX,MLE,,,,,,,2.1,2.06278,,,,2019-02-07T13:49:14Z,2016,2016-01-01,2016-12-31
20673865,SDGWSHBOD,COUNTRY,PER,YEAR,2016,SEX,MLE,,,,,,,1.3,1.31736,,,,2019-02-07T13:49:14Z,2016,2016-01-01,2016-12-31
20673866,SDGWSHBOD,COUNTRY,PHL,YEAR,2016,SEX,MLE,,,,,,,4.8,4.78213,,,,2019-02-07T13:49:14Z,2016,2016-01-01,2016-12-31
20673867,SDGWSHBOD,COUNTRY,PNG,YEAR,2016,SEX,MLE,,,,,,,14.6,14.62447,,,,2019-02-07T13:49:14Z,2016,2016-01-01,2016-12-31
20673868,SDGWSHBOD,COUNTRY,POL,YEAR,2016,SEX,MLE,,,,,,,0.1,0.07097,,,,2019-02-07T13:49:14Z,2016,2016-01-01,2016-12-31
20673869,SDGWSHBOD,COUNTRY,PRK,YEAR,2016,SEX,MLE,,,,,,,1.6,1.60006,,,,2019-02-07T13:49:14Z,2016,2016-01-01,2016-12-31
20673870,SDGWSHBOD,COUNTRY,PRT,YEAR,2016,SEX,MLE,,,,,,,0.1,0.10758,,,,2019-02-07T13:49:14Z,2016,2016-01-01,2016-12-31
20673871,SDGWSHBOD,COUNTRY,PRY,YEAR,2016,SEX,MLE,,,,,,,1.4,1.42899,,,,2019-02-07T13:49:14Z,2016,2016-01-01,2016-12-31
20673872,SDGWSHBOD,COUNTRY,QAT,YEAR,2016,SEX,MLE,,,,,,,<0.1,0.00629,,,,2019-02-07T13:49:14Z,2016,2016-01-01,2016-12-31
20673873,SDGWSHBOD,COUNTRY,ROU,YEAR,2016,SEX,MLE,,,,,,,0.3,0.32709,,,,2019-02-07T13:49:14Z,2016,2016-01-01,2016-12-31
20673874,SDGWSHBOD,COUNTRY,RUS,YEAR,2016,SEX,MLE,,,,,,,0.1,0.11662,,,,2019-02-07T13:49:15Z,2016,2016-01-01,2016-12-31
20673875,SDGWSHBOD,COUNTRY,RWA,YEAR,2016,SEX,MLE,,,,,,,19.2,19.15444,,,,2019-02-07T13:49:15Z,2016,2016-01-01,2016-12-31
20673876,SDGWSHBOD,COUNTRY,SAU,YEAR,2016,SEX,MLE,,,,,,,0.1,0.0751,,,,2019-02-07T13:49:15Z,2016,2016-01-01,2016-12-31
20673877,SDGWSHBOD,COUNTRY,SDN,YEAR,2016,SEX,MLE,,,,,,,16.3,16.32655,,,,2019-02-07T13:49:15Z,2016,2016-01-01,2016-12-31
20673878,SDGWSHBOD,COUNTRY,SEN,YEAR,2016,SEX,MLE,,,,,,,25.9,25.85899,,,,2019-02-07T13:49:15Z,2016,2016-01-01,2016-12-31
20673879,SDGWSHBOD,COUNTRY,SGP,YEAR,2016,SEX,MLE,,,,,,,<0.1,0.04801,,,,2019-02-07T13:49:15Z,2016,2016-01-01,2016-12-31
20673880,SDGWSHBOD,COUNTRY,SLB,YEAR,2016,SEX,MLE,,,,,,,6.8,6.84095,,,,2019-02-07T13:49:15Z,2016,2016-01-01,2016-12-31
20673881,SDGWSHBOD,COUNTRY,SLE,YEAR,2016,SEX,MLE,,,,,,,86.8,86.84529,,,,2019-02-07T13:49:15Z,2016,2016-01-01,2016-12-31
20673882,SDGWSHBOD,COUNTRY,SLV,YEAR,2016,SEX,MLE,,,,,,,2.4,2.41991,,,,2019-02-07T13:49:15Z,2016,2016-01-01,2016-12-31
20673883,SDGWSHBOD,COUNTRY,SOM,YEAR,2016,SEX,MLE,,,,,,,83.4,83.41056,,,,2019-02-07T13:49:15Z,2016,2016-01-01,2016-12-31
20673884,SDGWSHBOD,COUNTRY,SRB,YEAR,2016,SEX,MLE,,,,,,,0.6,0.6005,,,,2019-02-07T13:49:15Z,2016,2016-01-01,2016-12-31
20673885,SDGWSHBOD,COUNTRY,SSD,YEAR,2016,SEX,MLE,,,,,,,65.9,65.87675,,,,2019-02-07T13:49:15Z,2016,2016-01-01,2016-12-31
20673886,SDGWSHBOD,COUNTRY,STP,YEAR,2016,SEX,MLE,,,,,,,11.0,10.96962,,,,2019-02-07T13:49:15Z,2016,2016-01-01,2016-12-31
20673887,SDGWSHBOD,COUNTRY,SUR,YEAR,2016,SEX,MLE,,,,,,,2.1,2.05839,,,,2019-02-07T13:49:15Z,2016,2016-01-01,2016-12-31
20673888,SDGWSHBOD,COUNTRY,SVK,YEAR,2016,SEX,MLE,,,,,,,<0.1,0.03585,,,,2019-02-07T13:49:15Z,2016,2016-01-01,2016-12-31
20673889,SDGWSHBOD,COUNTRY,SVN,YEAR,2016,SEX,MLE,,,,,,,<0.1,0.01391,,,,2019-02-07T13:49:15Z,2016,2016-01-01,2016-12-31
20673890,SDGWSHBOD,COUNTRY,SWE,YEAR,2016,SEX,MLE,,,,,,,0.2,0.15951,,,,2019-02-07T13:49:15Z,2016,2016-01-01,2016-12-31
20673891,SDGWSHBOD,COUNTRY,SWZ,YEAR,2016,SEX,MLE,,,,,,,25.9,25.90795,,,,2019-02-07T13:49:15Z,2016,2016-01-01,2016-12-31
20673892,SDGWSHBOD,COUNTRY,SYC,YEAR,2016,SEX,MLE,,,,,,,0.2,0.19874,,,,2019-02-07T13:49:15Z,2016,2016-01-01,2016-12-31
20673893,SDGWSHBOD,COUNTRY,SYR,YEAR,2016,SEX,MLE,,,,,,,3.2,3.23346,,,,2019-02-07T13:49:15Z,2016,2016-01-01,2016-12-31
20673894,SDGWSHBOD,COUNTRY,TCD,YEAR,2016,SEX,MLE,,,,,,,107.0,107.04802,,,,2019-02-07T13:49:15Z,2016,2016-01-01,2016-12-31
20673895,SDGWSHBOD,COUNTRY,TGO,YEAR,2016,SEX,MLE,,,,,,,42.1,42.1444,,,,2019-02-07T13:49:15Z,2016,2016-01-01,2016-12-31
20673896,SDGWSHBOD,COUNTRY,THA,YEAR,2016,SEX,MLE,,,,,,,3.7,3.66249,,,,2019-02-07T13:49:15Z,2016,2016-01-01,2016-12-31
20673897,SDGWSHBOD,COUNTRY,TJK,YEAR,2016,SEX,MLE,,,,,,,3.0,3.00344,,,,2019-02-07T13:49:15Z,2016,2016-01-01,2016-12-31
20673898,SDGWSHBOD,COUNTRY,TKM,YEAR,2016,SEX,MLE,,,,,,,4.5,4.49347,,,,2019-02-07T13:49:15Z,2016,2016-01-01,2016-12-31
20673899,SDGWSHBOD,COUNTRY,TLS,YEAR,2016,SEX,MLE,,,,,,,10.0,10.0121,,,,2019-02-07T13:49:15Z,2016,2016-01-01,2016-12-31
20673900,SDGWSHBOD,COUNTRY,TON,YEAR,2016,SEX,MLE,,,,,,,0.8,0.82784,,,,2019-02-07T13:49:15Z,2016,2016-01-01,2016-12-31
20673901,SDGWSHBOD,COUNTRY,TTO,YEAR,2016,SEX,MLE,,,,,,,0.2,0.15827,,,,2019-02-07T13:49:15Z,2016,2016-01-01,2016-12-31
20673902,SDGWSHBOD,COUNTRY,TUN,YEAR,2016,SEX,MLE,,,,,,,0.8,0.81112,,,,2019-02-07T13:49:15Z,2016,2016-01-01,2016-12-31
20673903,SDGWSHBOD,COUNTRY,TUR,YEAR,2016,SEX,MLE,,,,,,,0.3,0.27233,,,,2019-02-07T13:49:15Z,2016,2016-01-01,2016-12-31
20673904,SDGWSHBOD,COUNTRY,TZA,YEAR,2016,SEX,MLE,,,,,,,36.2,36.18708,,,,2019-02-07T13:49:15Z,2016,2016-01-01,2016-12-31
20673905,SDGWSHBOD,COUNTRY,UGA,YEAR,2016,SEX,MLE,,,,,,,32.7,32.74029,,,,2019-02-07T13:49:15Z,2016,2016-01-01,2016-12-31
20673906,SDGWSHBOD,COUNTRY,UKR,YEAR,2016,SEX,MLE,,,,,,,0.3,0.31085,,,,2019-02-07T13:49:15Z,2016,2016-01-01,2016-12-31
20673907,SDGWSHBOD,COUNTRY,URY,YEAR,2016,SEX,MLE,,,,,,,0.3,0.28991,,,,2019-02-07T13:49:15Z,2016,2016-01-01,2016-12-31
20673908,SDGWSHBOD,COUNTRY,USA,YEAR,2016,SEX,MLE,,,,,,,0.2,0.19017,,,,2019-02-07T13:49:15Z,2016,2016-01-01,2016-12-31
20673909,SDGWSHBOD,COUNTRY,UZB,YEAR,2016,SEX,MLE,,,,,,,0.5,0.51274,,,,2019-02-07T13:49:15Z,2016,2016-01-01,2016-12-31
20673910,SDGWSHBOD,COUNTRY,VCT,YEAR,2016,SEX,MLE,,,,,,,1.4,1.40687,,,,2019-02-07T13:49:15Z,2016,2016-01-01,2016-12-31
20673911,SDGWSHBOD,COUNTRY,VEN,YEAR,2016,SEX,MLE,,,,,,,1.4,1.41152,,,,2019-02-07T13:49:15Z,2016,2016-01-01,2016-12-31
20673912,SDGWSHBOD,COUNTRY,VNM,YEAR,2016,SEX,MLE,,,,,,,2.1,2.11376,,,,2019-02-07T13:49:15Z,2016,2016-01-01,2016-12-31
20673913,SDGWSHBOD,COUNTRY,VUT,YEAR,2016,SEX,MLE,,,,,,,12.2,12.20005,,,,2019-02-07T13:49:15Z,2016,2016-01-01,2016-12-31
20673914,SDGWSHBOD,COUNTRY,WSM,YEAR,2016,SEX,MLE,,,,,,,1.5,1.479,,,,2019-02-07T13:49:15Z,2016,2016-01-01,2016-12-31
20673915,SDGWSHBOD,COUNTRY,YEM,YEAR,2016,SEX,MLE,,,,,,,8.7,8.66892,,,,2019-02-07T13:49:15Z,2016,2016-01-01,2016-12-31
20673916,SDGWSHBOD,COUNTRY,ZAF,YEAR,2016,SEX,MLE,,,,,,,13.9,13.90243,,,,2019-02-07T13:49:15Z,2016,2016-01-01,2016-12-31
20673917,SDGWSHBOD,COUNTRY,ZMB,YEAR,2016,SEX,MLE,,,,,,,36.6,36.61913,,,,2019-02-07T13:49:15Z,2016,2016-01-01,2016-12-31
20673918,SDGWSHBOD,COUNTRY,ZWE,YEAR,2016,SEX,MLE,,,,,,,27.1,27.06688,,,,2019-02-07T13:49:15Z,2016,2016-01-01,2016-12-31
20673919,SDGWSHBOD,COUNTRY,AFG,YEAR,2016,SEX,FMLE,,,,,,,15.3,15.31193,,,,2019-02-07T13:49:15Z,2016,2016-01-01,2016-12-31
20673920,SDGWSHBOD,COUNTRY,AGO,YEAR,2016,SEX,FMLE,,,,,,,45.2,45.15024,,,,2019-02-07T13:49:16Z,2016,2016-01-01,2016-12-31
20673921,SDGWSHBOD,COUNTRY,ALB,YEAR,2016,SEX,FMLE,,,,,,,0.1,0.12552,,,,2019-02-07T13:49:16Z,2016,2016-01-01,2016-12-31
20673922,SDGWSHBOD,COUNTRY,ARE,YEAR,2016,SEX,FMLE,,,,,,,<0.1,0.04148,,,,2019-02-07T13:49:16Z,2016,2016-01-01,2016-12-31
20673923,SDGWSHBOD,COUNTRY,ARG,YEAR,2016,SEX,FMLE,,,,,,,0.4,0.40251,,,,2019-02-07T13:49:16Z,2016,2016-01-01,2016-12-31
20673924,SDGWSHBOD,COUNTRY,ARM,YEAR,2016,SEX,FMLE,,,,,,,0.2,0.16495,,,,2019-02-07T13:49:16Z,2016,2016-01-01,2016-12-31
20673925,SDGWSHBOD,COUNTRY,ATG,YEAR,2016,SEX,FMLE,,,,,,,0.1,0.10419,,,,2019-02-07T13:49:16Z,2016,2016-01-01,2016-12-31
20673926,SDGWSHBOD,COUNTRY,AUS,YEAR,2016,SEX,FMLE,,,,,,,0.1,0.11958,,,,2019-02-07T13:49:16Z,2016,2016-01-01,2016-12-31
20673927,SDGWSHBOD,COUNTRY,AUT,YEAR,2016,SEX,FMLE,,,,,,,0.2,0.15099,,,,2019-02-07T13:49:16Z,2016,2016-01-01,2016-12-31
20673928,SDGWSHBOD,COUNTRY,AZE,YEAR,2016,SEX,FMLE,,,,,,,1.0,0.95527,,,,2019-02-07T13:49:16Z,2016,2016-01-01,2016-12-31
20673929,SDGWSHBOD,COUNTRY,BDI,YEAR,2016,SEX,FMLE,,,,,,,66.8,66.77003,,,,2019-02-07T13:49:16Z,2016,2016-01-01,2016-12-31
20673930,SDGWSHBOD,COUNTRY,BEL,YEAR,2016,SEX,FMLE,,,,,,,0.4,0.35482,,,,2019-02-07T13:49:16Z,2016,2016-01-01,2016-12-31
20673931,SDGWSHBOD,COUNTRY,BEN,YEAR,2016,SEX,FMLE,,,,,,,54.4,54.36152,,,,2019-02-07T13:49:16Z,2016,2016-01-01,2016-12-31
20673932,SDGWSHBOD,COUNTRY,BFA,YEAR,2016,SEX,FMLE,,,,,,,53.7,53.73591,,,,2019-02-07T13:49:16Z,2016,2016-01-01,2016-12-31
20673933,SDGWSHBOD,COUNTRY,BGD,YEAR,2016,SEX,FMLE,,,,,,,13.8,13.829,,,,2019-02-07T13:49:16Z,2016,2016-01-01,2016-12-31
20673934,SDGWSHBOD,COUNTRY,BGR,YEAR,2016,SEX,FMLE,,,,,,,0.1,0.13516,,,,2019-02-07T13:49:16Z,2016,2016-01-01,2016-12-31
20673935,SDGWSHBOD,COUNTRY,BHR,YEAR,2016,SEX,FMLE,,,,,,,<0.1,0.04812,,,,2019-02-07T13:49:16Z,2016,2016-01-01,2016-12-31
20673936,SDGWSHBOD,COUNTRY,BHS,YEAR,2016,SEX,FMLE,,,,,,,0.1,0.06681,,,,2019-02-07T13:49:16Z,2016,2016-01-01,2016-12-31
20673937,SDGWSHBOD,COUNTRY,BIH,YEAR,2016,SEX,FMLE,,,,,,,0.1,0.0809,,,,2019-02-07T13:49:16Z,2016,2016-01-01,2016-12-31
20673938,SDGWSHBOD,COUNTRY,BLR,YEAR,2016,SEX,FMLE,,,,,,,0.1,0.0529,,,,2019-02-07T13:49:16Z,2016,2016-01-01,2016-12-31
20673939,SDGWSHBOD,COUNTRY,BLZ,YEAR,2016,SEX,FMLE,,,,,,,0.9,0.89054,,,,2019-02-07T13:49:16Z,2016,2016-01-01,2016-12-31
20673940,SDGWSHBOD,COUNTRY,BOL,YEAR,2016,SEX,FMLE,,,,,,,4.9,4.92742,,,,2019-02-07T13:49:16Z,2016,2016-01-01,2016-12-31
20673941,SDGWSHBOD,COUNTRY,BRA,YEAR,2016,SEX,FMLE,,,,,,,1.1,1.1192,,,,2019-02-07T13:49:16Z,2016,2016-01-01,2016-12-31
20673942,SDGWSHBOD,COUNTRY,BRB,YEAR,2016,SEX,FMLE,,,,,,,0.2,0.23025,,,,2019-02-07T13:49:16Z,2016,2016-01-01,2016-12-31
20673943,SDGWSHBOD,COUNTRY,BRN,YEAR,2016,SEX,FMLE,,,,,,,<0.1,0.04411,,,,2019-02-07T13:49:16Z,2016,2016-01-01,2016-12-31
20673944,SDGWSHBOD,COUNTRY,BTN,YEAR,2016,SEX,FMLE,,,,,,,4.6,4.5675,,,,2019-02-07T13:49:16Z,2016,2016-01-01,2016-12-31
20673945,SDGWSHBOD,COUNTRY,BWA,YEAR,2016,SEX,FMLE,,,,,,,12.3,12.32162,,,,2019-02-07T13:49:16Z,2016,2016-01-01,2016-12-31
20673946,SDGWSHBOD,COUNTRY,CAF,YEAR,2016,SEX,FMLE,,,,,,,74.7,74.73948,,,,2019-02-07T13:49:16Z,2016,2016-01-01,2016-12-31
20673947,SDGWSHBOD,COUNTRY,CAN,YEAR,2016,SEX,FMLE,,,,,,,0.4,0.44629,,,,2019-02-07T13:49:16Z,2016,2016-01-01,2016-12-31
20673948,SDGWSHBOD,COUNTRY,CHE,YEAR,2016,SEX,FMLE,,,,,,,0.2,0.16879,,,,2019-02-07T13:49:16Z,2016,2016-01-01,2016-12-31
20673949,SDGWSHBOD,COUNTRY,CHL,YEAR,2016,SEX,FMLE,,,,,,,0.2,0.23087,,,,2019-02-07T13:49:16Z,2016,2016-01-01,2016-12-31
20673950,SDGWSHBOD,COUNTRY,CHN,YEAR,2016,SEX,FMLE,,,,,,,0.7,0.65809,,,,2019-02-07T13:49:16Z,2016,2016-01-01,2016-12-31
20673951,SDGWSHBOD,COUNTRY,CIV,YEAR,2016,SEX,FMLE,,,,,,,44.7,44.73841,,,,2019-02-07T13:49:16Z,2016,2016-01-01,2016-12-31
20673952,SDGWSHBOD,COUNTRY,CMR,YEAR,2016,SEX,FMLE,,,,,,,44.1,44.13828,,,,2019-02-07T13:49:16Z,2016,2016-01-01,2016-12-31
20673953,SDGWSHBOD,COUNTRY,COD,YEAR,2016,SEX,FMLE,,,,,,,49.8,49.79718,,,,2019-02-07T13:49:16Z,2016,2016-01-01,2016-12-31
20673954,SDGWSHBOD,COUNTRY,COG,YEAR,2016,SEX,FMLE,,,,,,,33.9,33.89152,,,,2019-02-07T13:49:16Z,2016,2016-01-01,2016-12-31
20673955,SDGWSHBOD,COUNTRY,COL,YEAR,2016,SEX,FMLE,,,,,,,0.8,0.77409,,,,2019-02-07T13:49:16Z,2016,2016-01-01,2016-12-31
20673956,SDGWSHBOD,COUNTRY,COM,YEAR,2016,SEX,FMLE,,,,,,,50.3,50.33907,,,,2019-02-07T13:49:16Z,2016,2016-01-01,2016-12-31
20673957,SDGWSHBOD,COUNTRY,CPV,YEAR,2016,SEX,FMLE,,,,,,,4.0,3.95605,,,,2019-02-07T13:49:16Z,2016,2016-01-01,2016-12-31
20673958,SDGWSHBOD,COUNTRY,CRI,YEAR,2016,SEX,FMLE,,,,,,,1.0,1.02597,,,,2019-02-07T13:49:16Z,2016,2016-01-01,2016-12-31
20673959,SDGWSHBOD,COUNTRY,CUB,YEAR,2016,SEX,FMLE,,,,,,,1.0,1.04843,,,,2019-02-07T13:49:16Z,2016,2016-01-01,2016-12-31
20673960,SDGWSHBOD,COUNTRY,CYP,YEAR,2016,SEX,FMLE,,,,,,,0.3,0.269,,,,2019-02-07T13:49:16Z,2016,2016-01-01,2016-12-31
20673961,SDGWSHBOD,COUNTRY,CZE,YEAR,2016,SEX,FMLE,,,,,,,0.2,0.21096,,,,2019-02-07T13:49:16Z,2016,2016-01-01,2016-12-31
20673962,SDGWSHBOD,COUNTRY,DEU,YEAR,2016,SEX,FMLE,,,,,,,0.7,0.71559,,,,2019-02-07T13:49:16Z,2016,2016-01-01,2016-12-31
20673963,SDGWSHBOD,COUNTRY,DJI,YEAR,2016,SEX,FMLE,,,,,,,33.2,33.22502,,,,2019-02-07T13:49:16Z,2016,2016-01-01,2016-12-31
20673964,SDGWSHBOD,COUNTRY,DNK,YEAR,2016,SEX,FMLE,,,,,,,0.4,0.41632,,,,2019-02-07T13:49:16Z,2016,2016-01-01,2016-12-31
20673965,SDGWSHBOD,COUNTRY,DOM,YEAR,2016,SEX,FMLE,,,,,,,2.2,2.1909,,,,2019-02-07T13:49:16Z,2016,2016-01-01,2016-12-31
20673966,SDGWSHBOD,COUNTRY,DZA,YEAR,2016,SEX,FMLE,,,,,,,2.0,2.0089,,,,2019-02-07T13:49:17Z,2016,2016-01-01,2016-12-31
20673967,SDGWSHBOD,COUNTRY,ECU,YEAR,2016,SEX,FMLE,,,,,,,0.7,0.65657,,,,2019-02-07T13:49:17Z,2016,2016-01-01,2016-12-31
20673968,SDGWSHBOD,COUNTRY,EGY,YEAR,2016,SEX,FMLE,,,,,,,2.2,2.18807,,,,2019-02-07T13:49:17Z,2016,2016-01-01,2016-12-31
20673969,SDGWSHBOD,COUNTRY,ERI,YEAR,2016,SEX,FMLE,,,,,,,43.5,43.51273,,,,2019-02-07T13:49:17Z,2016,2016-01-01,2016-12-31
20673970,SDGWSHBOD,COUNTRY,ESP,YEAR,2016,SEX,FMLE,,,,,,,0.2,0.18808,,,,2019-02-07T13:49:17Z,2016,2016-01-01,2016-12-31
20673971,SDGWSHBOD,COUNTRY,EST,YEAR,2016,SEX,FMLE,,,,,,,<0.1,0.00396,,,,2019-02-07T13:49:17Z,2016,2016-01-01,2016-12-31
20673972,SDGWSHBOD,COUNTRY,ETH,YEAR,2016,SEX,FMLE,,,,,,,40.8,40.80663,,,,2019-02-07T13:49:17Z,2016,2016-01-01,2016-12-31
20673973,SDGWSHBOD,COUNTRY,FIN,YEAR,2016,SEX,FMLE,,,,,,,<0.1,0.03837,,,,2019-02-07T13:49:17Z,2016,2016-01-01,2016-12-31
20673974,SDGWSHBOD,COUNTRY,FJI,YEAR,2016,SEX,FMLE,,,,,,,2.2,2.23365,,,,2019-02-07T13:49:17Z,2016,2016-01-01,2016-12-31
20673975,SDGWSHBOD,COUNTRY,FRA,YEAR,2016,SEX,FMLE,,,,,,,0.3,0.32449,,,,2019-02-07T13:49:17Z,2016,2016-01-01,2016-12-31
20673976,SDGWSHBOD,COUNTRY,FSM,YEAR,2016,SEX,FMLE,,,,,,,3.7,3.73049,,,,2019-02-07T13:49:17Z,2016,2016-01-01,2016-12-31
20673977,SDGWSHBOD,COUNTRY,GAB,YEAR,2016,SEX,FMLE,,,,,,,18.6,18.59349,,,,2019-02-07T13:49:17Z,2016,2016-01-01,2016-12-31
20673978,SDGWSHBOD,COUNTRY,GBR,YEAR,2016,SEX,FMLE,,,,,,,0.2,0.24809,,,,2019-02-07T13:49:17Z,2016,2016-01-01,2016-12-31
20673979,SDGWSHBOD,COUNTRY,GEO,YEAR,2016,SEX,FMLE,,,,,,,0.2,0.17063,,,,2019-02-07T13:49:17Z,2016,2016-01-01,2016-12-31
20673980,SDGWSHBOD,COUNTRY,GHA,YEAR,2016,SEX,FMLE,,,,,,,19.4,19.43354,,,,2019-02-07T13:49:17Z,2016,2016-01-01,2016-12-31
20673981,SDGWSHBOD,COUNTRY,GIN,YEAR,2016,SEX,FMLE,,,,,,,41.0,40.96961,,,,2019-02-07T13:49:17Z,2016,2016-01-01,2016-12-31
20673982,SDGWSHBOD,COUNTRY,GMB,YEAR,2016,SEX,FMLE,,,,,,,28.4,28.44265,,,,2019-02-07T13:49:17Z,2016,2016-01-01,2016-12-31
20673983,SDGWSHBOD,COUNTRY,GNB,YEAR,2016,SEX,FMLE,,,,,,,33.0,32.95495,,,,2019-02-07T13:49:17Z,2016,2016-01-01,2016-12-31
20673984,SDGWSHBOD,COUNTRY,GNQ,YEAR,2016,SEX,FMLE,,,,,,,23.9,23.93949,,,,2019-02-07T13:49:17Z,2016,2016-01-01,2016-12-31
20673985,SDGWSHBOD,COUNTRY,GRC,YEAR,2016,SEX,FMLE,,,,,,,0.1,0.05317,,,,2019-02-07T13:49:17Z,2016,2016-01-01,2016-12-31
20673986,SDGWSHBOD,COUNTRY,GRD,YEAR,2016,SEX,FMLE,,,,,,,<0.1,0.01541,,,,2019-02-07T13:49:17Z,2016,2016-01-01,2016-12-31
20673987,SDGWSHBOD,COUNTRY,GTM,YEAR,2016,SEX,FMLE,,,,,,,6.0,5.98505,,,,2019-02-07T13:49:17Z,2016,2016-01-01,2016-12-31
20673988,SDGWSHBOD,COUNTRY,GUY,YEAR,2016,SEX,FMLE,,,,,,,3.2,3.1791,,,,2019-02-07T13:49:17Z,2016,2016-01-01,2016-12-31
20673989,SDGWSHBOD,COUNTRY,HND,YEAR,2016,SEX,FMLE,,,,,,,3.8,3.82395,,,,2019-02-07T13:49:17Z,2016,2016-01-01,2016-12-31
20673990,SDGWSHBOD,COUNTRY,HRV,YEAR,2016,SEX,FMLE,,,,,,,0.1,0.14178,,,,2019-02-07T13:49:17Z,2016,2016-01-01,2016-12-31
20673991,SDGWSHBOD,COUNTRY,HTI,YEAR,2016,SEX,FMLE,,,,,,,20.1,20.133,,,,2019-02-07T13:49:17Z,2016,2016-01-01,2016-12-31
20673992,SDGWSHBOD,COUNTRY,HUN,YEAR,2016,SEX,FMLE,,,,,,,0.3,0.29791,,,,2019-02-07T13:49:17Z,2016,2016-01-01,2016-12-31
20673993,SDGWSHBOD,COUNTRY,IDN,YEAR,2016,SEX,FMLE,,,,,,,7.8,7.8416,,,,2019-02-07T13:49:17Z,2016,2016-01-01,2016-12-31
20673994,SDGWSHBOD,COUNTRY,IND,YEAR,2016,SEX,FMLE,,,,,,,21.5,21.48475,,,,2019-02-07T13:49:17Z,2016,2016-01-01,2016-12-31
20673995,SDGWSHBOD,COUNTRY,IRL,YEAR,2016,SEX,FMLE,,,,,,,0.1,0.09862,,,,2019-02-07T13:49:17Z,2016,2016-01-01,2016-12-31
20673996,SDGWSHBOD,COUNTRY,IRN,YEAR,2016,SEX,FMLE,,,,,,,1.0,0.97077,,,,2019-02-07T13:49:17Z,2016,2016-01-01,2016-12-31
20673997,SDGWSHBOD,COUNTRY,IRQ,YEAR,2016,SEX,FMLE,,,,,,,2.3,2.29659,,,,2019-02-07T13:49:17Z,2016,2016-01-01,2016-12-31
20673998,SDGWSHBOD,COUNTRY,ISL,YEAR,2016,SEX,FMLE,,,,,,,0.1,0.1158,,,,2019-02-07T13:49:17Z,2016,2016-01-01,2016-12-31
20673999,SDGWSHBOD,COUNTRY,ISR,YEAR,2016,SEX,FMLE,,,,,,,0.3,0.28375,,,,2019-02-07T13:49:17Z,2016,2016-01-01,2016-12-31
20674000,SDGWSHBOD,COUNTRY,ITA,YEAR,2016,SEX,FMLE,,,,,,,0.2,0.16933,,,,2019-02-07T13:49:17Z,2016,2016-01-01,2016-12-31
20674001,SDGWSHBOD,COUNTRY,JAM,YEAR,2016,SEX,FMLE,,,,,,,0.6,0.57459,,,,2019-02-07T13:49:17Z,2016,2016-01-01,2016-12-31
20674002,SDGWSHBOD,COUNTRY,JOR,YEAR,2016,SEX,FMLE,,,,,,,0.8,0.78855,,,,2019-02-07T13:49:17Z,2016,2016-01-01,2016-12-31
20674003,SDGWSHBOD,COUNTRY,JPN,YEAR,2016,SEX,FMLE,,,,,,,0.2,0.19224,,,,2019-02-07T13:49:17Z,2016,2016-01-01,2016-12-31
20674004,SDGWSHBOD,COUNTRY,KAZ,YEAR,2016,SEX,FMLE,,,,,,,0.4,0.3899,,,,2019-02-07T13:49:17Z,2016,2016-01-01,2016-12-31
20674005,SDGWSHBOD,COUNTRY,KEN,YEAR,2016,SEX,FMLE,,,,,,,49.7,49.68681,,,,2019-02-07T13:49:17Z,2016,2016-01-01,2016-12-31
20674006,SDGWSHBOD,COUNTRY,KGZ,YEAR,2016,SEX,FMLE,,,,,,,0.7,0.73301,,,,2019-02-07T13:49:18Z,2016,2016-01-01,2016-12-31
20674007,SDGWSHBOD,COUNTRY,KHM,YEAR,2016,SEX,FMLE,,,,,,,6.3,6.32701,,,,2019-02-07T13:49:18Z,2016,2016-01-01,2016-12-31
20674008,SDGWSHBOD,COUNTRY,KIR,YEAR,2016,SEX,FMLE,,,,,,,19.7,19.70193,,,,2019-02-07T13:49:18Z,2016,2016-01-01,2016-12-31
20674009,SDGWSHBOD,COUNTRY,KOR,YEAR,2016,SEX,FMLE,,,,,,,2.2,2.2267,,,,2019-02-07T13:49:18Z,2016,2016-01-01,2016-12-31
20674010,SDGWSHBOD,COUNTRY,KWT,YEAR,2016,SEX,FMLE,,,,,,,<0.1,0.00893,,,,2019-02-07T13:49:18Z,2016,2016-01-01,2016-12-31
20674011,SDGWSHBOD,COUNTRY,LAO,YEAR,2016,SEX,FMLE,,,,,,,11.4,11.43906,,,,2019-02-07T13:49:18Z,2016,2016-01-01,2016-12-31
20674012,SDGWSHBOD,COUNTRY,LBN,YEAR,2016,SEX,FMLE,,,,,,,0.9,0.86771,,,,2019-02-07T13:49:18Z,2016,2016-01-01,2016-12-31
20674013,SDGWSHBOD,COUNTRY,LBR,YEAR,2016,SEX,FMLE,,,,,,,39.5,39.52379,,,,2019-02-07T13:49:18Z,2016,2016-01-01,2016-12-31
20674014,SDGWSHBOD,COUNTRY,LBY,YEAR,2016,SEX,FMLE,,,,,,,0.7,0.66621,,,,2019-02-07T13:49:18Z,2016,2016-01-01,2016-12-31
20674015,SDGWSHBOD,COUNTRY,LCA,YEAR,2016,SEX,FMLE,,,,,,,0.3,0.26695,,,,2019-02-07T13:49:18Z,2016,2016-01-01,2016-12-31
20674016,SDGWSHBOD,COUNTRY,LKA,YEAR,2016,SEX,FMLE,,,,,,,1.2,1.19932,,,,2019-02-07T13:49:18Z,2016,2016-01-01,2016-12-31
20674017,SDGWSHBOD,COUNTRY,LSO,YEAR,2016,SEX,FMLE,,,,,,,49.8,49.8259,,,,2019-02-07T13:49:18Z,2016,2016-01-01,2016-12-31
20674018,SDGWSHBOD,COUNTRY,LTU,YEAR,2016,SEX,FMLE,,,,,,,0.1,0.07507,,,,2019-02-07T13:49:18Z,2016,2016-01-01,2016-12-31
20674019,SDGWSHBOD,COUNTRY,LUX,YEAR,2016,SEX,FMLE,,,,,,,0.1,0.0621,,,,2019-02-07T13:49:18Z,2016,2016-01-01,2016-12-31
20674020,SDGWSHBOD,COUNTRY,LVA,YEAR,2016,SEX,FMLE,,,,,,,<0.1,0.02485,,,,2019-02-07T13:49:18Z,2016,2016-01-01,2016-12-31
20674021,SDGWSHBOD,COUNTRY,MAR,YEAR,2016,SEX,FMLE,,,,,,,2.0,1.97875,,,,2019-02-07T13:49:18Z,2016,2016-01-01,2016-12-31
20674022,SDGWSHBOD,COUNTRY,MDA,YEAR,2016,SEX,FMLE,,,,,,,0.1,0.11042,,,,2019-02-07T13:49:18Z,2016,2016-01-01,2016-12-31
20674023,SDGWSHBOD,COUNTRY,MDG,YEAR,2016,SEX,FMLE,,,,,,,29.7,29.67203,,,,2019-02-07T13:49:18Z,2016,2016-01-01,2016-12-31
20674024,SDGWSHBOD,COUNTRY,MDV,YEAR,2016,SEX,FMLE,,,,,,,0.2,0.2256,,,,2019-02-07T13:49:18Z,2016,2016-01-01,2016-12-31
20674025,SDGWSHBOD,COUNTRY,MEX,YEAR,2016,SEX,FMLE,,,,,,,1.1,1.10987,,,,2019-02-07T13:49:18Z,2016,2016-01-01,2016-12-31
20674026,SDGWSHBOD,COUNTRY,MKD,YEAR,2016,SEX,FMLE,,,,,,,0.1,0.05756,,,,2019-02-07T13:49:18Z,2016,2016-01-01,2016-12-31
20674027,SDGWSHBOD,COUNTRY,MLI,YEAR,2016,SEX,FMLE,,,,,,,71.1,71.08458,,,,2019-02-07T13:49:18Z,2016,2016-01-01,2016-12-31
20674028,SDGWSHBOD,COUNTRY,MLT,YEAR,2016,SEX,FMLE,,,,,,,0.1,0.05487,,,,2019-02-07T13:49:18Z,2016,2016-01-01,2016-12-31
20674029,SDGWSHBOD,COUNTRY,MMR,YEAR,2016,SEX,FMLE,,,,,,,12.2,12.19727,,,,2019-02-07T13:49:18Z,2016,2016-01-01,2016-12-31
20674030,SDGWSHBOD,COUNTRY,MNE,YEAR,2016,SEX,FMLE,,,,,,,<0.1,0.02227,,,,2019-02-07T13:49:18Z,2016,2016-01-01,2016-12-31
20674031,SDGWSHBOD,COUNTRY,MNG,YEAR,2016,SEX,FMLE,,,,,,,0.8,0.78891,,,,2019-02-07T13:49:18Z,2016,2016-01-01,2016-12-31
20674032,SDGWSHBOD,COUNTRY,MOZ,YEAR,2016,SEX,FMLE,,,,,,,27.1,27.05476,,,,2019-02-07T13:49:18Z,2016,2016-01-01,2016-12-31
20674033,SDGWSHBOD,COUNTRY,MRT,YEAR,2016,SEX,FMLE,,,,,,,36.5,36.45339,,,,2019-02-07T13:49:18Z,2016,2016-01-01,2016-12-31
20674034,SDGWSHBOD,COUNTRY,MUS,YEAR,2016,SEX,FMLE,,,,,,,0.4,0.43667,,,,2019-02-07T13:49:18Z,2016,2016-01-01,2016-12-31
20674035,SDGWSHBOD,COUNTRY,MWI,YEAR,2016,SEX,FMLE,,,,,,,27.5,27.49337,,,,2019-02-07T13:49:18Z,2016,2016-01-01,2016-12-31
20674036,SDGWSHBOD,COUNTRY,MYS,YEAR,2016,SEX,FMLE,,,,,,,0.5,0.45002,,,,2019-02-07T13:49:18Z,2016,2016-01-01,2016-12-31
20674037,SDGWSHBOD,COUNTRY,NAM,YEAR,2016,SEX,FMLE,,,,,,,18.3,18.26923,,,,2019-02-07T13:49:18Z,2016,2016-01-01,2016-12-31
20674038,SDGWSHBOD,COUNTRY,NER,YEAR,2016,SEX,FMLE,,,,,,,66.9,66.9474,,,,2019-02-07T13:49:18Z,2016,2016-01-01,2016-12-31
20674039,SDGWSHBOD,COUNTRY,NGA,YEAR,2016,SEX,FMLE,,,,,,,65.6,65.59476,,,,2019-02-07T13:49:18Z,2016,2016-01-01,2016-12-31
20674040,SDGWSHBOD,COUNTRY,NIC,YEAR,2016,SEX,FMLE,,,,,,,2.0,2.04605,,,,2019-02-07T13:49:18Z,2016,2016-01-01,2016-12-31
20674041,SDGWSHBOD,COUNTRY,NLD,YEAR,2016,SEX,FMLE,,,,,,,0.3,0.28839,,,,2019-02-07T13:49:18Z,2016,2016-01-01,2016-12-31
20674042,SDGWSHBOD,COUNTRY,NOR,YEAR,2016,SEX,FMLE,,,,,,,0.3,0.25782,,,,2019-02-07T13:49:18Z,2016,2016-01-01,2016-12-31
20674043,SDGWSHBOD,COUNTRY,NPL,YEAR,2016,SEX,FMLE,,,,,,,24.4,24.43096,,,,2019-02-07T13:49:18Z,2016,2016-01-01,2016-12-31
20674044,SDGWSHBOD,COUNTRY,NZL,YEAR,2016,SEX,FMLE,,,,,,,0.2,0.18632,,,,2019-02-07T13:49:18Z,2016,2016-01-01,2016-12-31
20674045,SDGWSHBOD,COUNTRY,OMN,YEAR,2016,SEX,FMLE,,,,,,,<0.1,0.04705,,,,2019-02-07T13:49:18Z,2016,2016-01-01,2016-12-31
20674046,SDGWSHBOD,COUNTRY,PAK,YEAR,2016,SEX,FMLE,,,,,,,23.4,23.39447,,,,2019-02-07T13:49:18Z,2016,2016-01-01,2016-12-31
20674047,SDGWSHBOD,COUNTRY,PAN,YEAR,2016,SEX,FMLE,,,,,,,1.7,1.72902,,,,2019-02-07T13:49:18Z,2016,2016-01-01,2016-12-31
20674048,SDGWSHBOD,COUNTRY,PER,YEAR,2016,SEX,FMLE,,,,,,,1.2,1.23642,,,,2019-02-07T13:49:18Z,2016,2016-01-01,2016-12-31
20674049,SDGWSHBOD,COUNTRY,PHL,YEAR,2016,SEX,FMLE,,,,,,,3.6,3.59538,,,,2019-02-07T13:49:19Z,2016,2016-01-01,2016-12-31
20674050,SDGWSHBOD,COUNTRY,PNG,YEAR,2016,SEX,FMLE,,,,,,,18.1,18.05478,,,,2019-02-07T13:49:19Z,2016,2016-01-01,2016-12-31
20674051,SDGWSHBOD,COUNTRY,POL,YEAR,2016,SEX,FMLE,,,,,,,0.1,0.10917,,,,2019-02-07T13:49:19Z,2016,2016-01-01,2016-12-31
20674052,SDGWSHBOD,COUNTRY,PRK,YEAR,2016,SEX,FMLE,,,,,,,1.1,1.1235,,,,2019-02-07T13:49:19Z,2016,2016-01-01,2016-12-31
20674053,SDGWSHBOD,COUNTRY,PRT,YEAR,2016,SEX,FMLE,,,,,,,0.2,0.19368,,,,2019-02-07T13:49:19Z,2016,2016-01-01,2016-12-31
20674054,SDGWSHBOD,COUNTRY,PRY,YEAR,2016,SEX,FMLE,,,,,,,1.5,1.50114,,,,2019-02-07T13:49:19Z,2016,2016-01-01,2016-12-31
20674055,SDGWSHBOD,COUNTRY,QAT,YEAR,2016,SEX,FMLE,,,,,,,<0.1,0.01362,,,,2019-02-07T13:49:19Z,2016,2016-01-01,2016-12-31
20674056,SDGWSHBOD,COUNTRY,ROU,YEAR,2016,SEX,FMLE,,,,,,,0.4,0.39551,,,,2019-02-07T13:49:19Z,2016,2016-01-01,2016-12-31
20674057,SDGWSHBOD,COUNTRY,RUS,YEAR,2016,SEX,FMLE,,,,,,,0.1,0.09443,,,,2019-02-07T13:49:19Z,2016,2016-01-01,2016-12-31
20674058,SDGWSHBOD,COUNTRY,RWA,YEAR,2016,SEX,FMLE,,,,,,,19.5,19.5371,,,,2019-02-07T13:49:19Z,2016,2016-01-01,2016-12-31
20674059,SDGWSHBOD,COUNTRY,SAU,YEAR,2016,SEX,FMLE,,,,,,,0.1,0.11489,,,,2019-02-07T13:49:19Z,2016,2016-01-01,2016-12-31
20674060,SDGWSHBOD,COUNTRY,SDN,YEAR,2016,SEX,FMLE,,,,,,,18.3,18.31656,,,,2019-02-07T13:49:19Z,2016,2016-01-01,2016-12-31
20674061,SDGWSHBOD,COUNTRY,SEN,YEAR,2016,SEX,FMLE,,,,,,,21.9,21.9494,,,,2019-02-07T13:49:19Z,2016,2016-01-01,2016-12-31
20674062,SDGWSHBOD,COUNTRY,SGP,YEAR,2016,SEX,FMLE,,,,,,,0.1,0.08379,,,,2019-02-07T13:49:19Z,2016,2016-01-01,2016-12-31
20674063,SDGWSHBOD,COUNTRY,SLB,YEAR,2016,SEX,FMLE,,,,,,,5.5,5.48765,,,,2019-02-07T13:49:19Z,2016,2016-01-01,2016-12-31
20674064,SDGWSHBOD,COUNTRY,SLE,YEAR,2016,SEX,FMLE,,,,,,,75.8,75.8484,,,,2019-02-07T13:49:19Z,2016,2016-01-01,2016-12-31
20674065,SDGWSHBOD,COUNTRY,SLV,YEAR,2016,SEX,FMLE,,,,,,,1.6,1.63727,,,,2019-02-07T13:49:19Z,2016,2016-01-01,2016-12-31
20674066,SDGWSHBOD,COUNTRY,SOM,YEAR,2016,SEX,FMLE,,,,,,,89.7,89.71645,,,,2019-02-07T13:49:19Z,2016,2016-01-01,2016-12-31
20674067,SDGWSHBOD,COUNTRY,SRB,YEAR,2016,SEX,FMLE,,,,,,,0.9,0.86701,,,,2019-02-07T13:49:19Z,2016,2016-01-01,2016-12-31
20674068,SDGWSHBOD,COUNTRY,SSD,YEAR,2016,SEX,FMLE,,,,,,,60.7,60.68713,,,,2019-02-07T13:49:19Z,2016,2016-01-01,2016-12-31
20674069,SDGWSHBOD,COUNTRY,STP,YEAR,2016,SEX,FMLE,,,,,,,11.7,11.74935,,,,2019-02-07T13:49:19Z,2016,2016-01-01,2016-12-31
20674070,SDGWSHBOD,COUNTRY,SUR,YEAR,2016,SEX,FMLE,,,,,,,2.0,1.95547,,,,2019-02-07T13:49:19Z,2016,2016-01-01,2016-12-31
20674071,SDGWSHBOD,COUNTRY,SVK,YEAR,2016,SEX,FMLE,,,,,,,0.1,0.05314,,,,2019-02-07T13:49:19Z,2016,2016-01-01,2016-12-31
20674072,SDGWSHBOD,COUNTRY,SVN,YEAR,2016,SEX,FMLE,,,,,,,<0.1,0.02827,,,,2019-02-07T13:49:19Z,2016,2016-01-01,2016-12-31
20674073,SDGWSHBOD,COUNTRY,SWE,YEAR,2016,SEX,FMLE,,,,,,,0.3,0.27089,,,,2019-02-07T13:49:19Z,2016,2016-01-01,2016-12-31
20674074,SDGWSHBOD,COUNTRY,SWZ,YEAR,2016,SEX,FMLE,,,,,,,29.8,29.75814,,,,2019-02-07T13:49:19Z,2016,2016-01-01,2016-12-31
20674075,SDGWSHBOD,COUNTRY,SYC,YEAR,2016,SEX,FMLE,,,,,,,0.1,0.14082,,,,2019-02-07T13:49:19Z,2016,2016-01-01,2016-12-31
20674076,SDGWSHBOD,COUNTRY,SYR,YEAR,2016,SEX,FMLE,,,,,,,4.1,4.10723,,,,2019-02-07T13:49:19Z,2016,2016-01-01,2016-12-31
20674077,SDGWSHBOD,COUNTRY,TCD,YEAR,2016,SEX,FMLE,,,,,,,95.0,95.0259,,,,2019-02-07T13:49:19Z,2016,2016-01-01,2016-12-31
20674078,SDGWSHBOD,COUNTRY,TGO,YEAR,2016,SEX,FMLE,,,,,,,41.1,41.12543,,,,2019-02-07T13:49:19Z,2016,2016-01-01,2016-12-31
20674079,SDGWSHBOD,COUNTRY,THA,YEAR,2016,SEX,FMLE,,,,,,,3.4,3.3579,,,,2019-02-07T13:49:19Z,2016,2016-01-01,2016-12-31
20674080,SDGWSHBOD,COUNTRY,TJK,YEAR,2016,SEX,FMLE,,,,,,,2.4,2.39454,,,,2019-02-07T13:49:19Z,2016,2016-01-01,2016-12-31
20674081,SDGWSHBOD,COUNTRY,TKM,YEAR,2016,SEX,FMLE,,,,,,,3.5,3.47729,,,,2019-02-07T13:49:19Z,2016,2016-01-01,2016-12-31
20674082,SDGWSHBOD,COUNTRY,TLS,YEAR,2016,SEX,FMLE,,,,,,,9.8,9.81134,,,,2019-02-07T13:49:19Z,2016,2016-01-01,2016-12-31
20674083,SDGWSHBOD,COUNTRY,TON,YEAR,2016,SEX,FMLE,,,,,,,2.0,2.02674,,,,2019-02-07T13:49:19Z,2016,2016-01-01,2016-12-31
20674084,SDGWSHBOD,COUNTRY,TTO,YEAR,2016,SEX,FMLE,,,,,,,0.1,0.12597,,,,2019-02-07T13:49:19Z,2016,2016-01-01,2016-12-31
20674085,SDGWSHBOD,COUNTRY,TUN,YEAR,2016,SEX,FMLE,,,,,,,1.2,1.2146,,,,2019-02-07T13:49:19Z,2016,2016-01-01,2016-12-31
20674086,SDGWSHBOD,COUNTRY,TUR,YEAR,2016,SEX,FMLE,,,,,,,0.3,0.31835,,,,2019-02-07T13:49:19Z,2016,2016-01-01,2016-12-31
20674087,SDGWSHBOD,COUNTRY,TZA,YEAR,2016,SEX,FMLE,,,,,,,40.6,40.56995,,,,2019-02-07T13:49:19Z,2016,2016-01-01,2016-12-31
20674088,SDGWSHBOD,COUNTRY,UGA,YEAR,2016,SEX,FMLE,,,,,,,30.4,30.39011,,,,2019-02-07T13:49:19Z,2016,2016-01-01,2016-12-31
20674089,SDGWSHBOD,COUNTRY,UKR,YEAR,2016,SEX,FMLE,,,,,,,0.2,0.23232,,,,2019-02-07T13:49:19Z,2016,2016-01-01,2016-12-31
20674090,SDGWSHBOD,COUNTRY,URY,YEAR,2016,SEX,FMLE,,,,,,,0.4,0.42578,,,,2019-02-07T13:49:20Z,2016,2016-01-01,2016-12-31
20674091,SDGWSHBOD,COUNTRY,USA,YEAR,2016,SEX,FMLE,,,,,,,0.3,0.27202,,,,2019-02-07T13:49:20Z,2016,2016-01-01,2016-12-31
20674092,SDGWSHBOD,COUNTRY,UZB,YEAR,2016,SEX,FMLE,,,,,,,0.4,0.37074,,,,2019-02-07T13:49:20Z,2016,2016-01-01,2016-12-31
20674093,SDGWSHBOD,COUNTRY,VCT,YEAR,2016,SEX,FMLE,,,,,,,1.3,1.25733,,,,2019-02-07T13:49:20Z,2016,2016-01-01,2016-12-31
20674094,SDGWSHBOD,COUNTRY,VEN,YEAR,2016,SEX,FMLE,,,,,,,1.4,1.36928,,,,2019-02-07T13:49:20Z,2016,2016-01-01,2016-12-31
20674095,SDGWSHBOD,COUNTRY,VNM,YEAR,2016,SEX,FMLE,,,,,,,1.1,1.13807,,,,2019-02-07T13:49:20Z,2016,2016-01-01,2016-12-31
20674096,SDGWSHBOD,COUNTRY,VUT,YEAR,2016,SEX,FMLE,,,,,,,8.6,8.59053,,,,2019-02-07T13:49:20Z,2016,2016-01-01,2016-12-31
20674097,SDGWSHBOD,COUNTRY,WSM,YEAR,2016,SEX,FMLE,,,,,,,1.5,1.49917,,,,2019-02-07T13:49:20Z,2016,2016-01-01,2016-12-31
20674098,SDGWSHBOD,COUNTRY,YEM,YEAR,2016,SEX,FMLE,,,,,,,11.8,11.77016,,,,2019-02-07T13:49:20Z,2016,2016-01-01,2016-12-31
20674099,SDGWSHBOD,COUNTRY,ZAF,YEAR,2016,SEX,FMLE,,,,,,,13.4,13.44361,,,,2019-02-07T13:49:20Z,2016,2016-01-01,2016-12-31
20674100,SDGWSHBOD,COUNTRY,ZMB,YEAR,2016,SEX,FMLE,,,,,,,33.2,33.23213,,,,2019-02-07T13:49:20Z,2016,2016-01-01,2016-12-31
20674101,SDGWSHBOD,COUNTRY,ZWE,YEAR,2016,SEX,FMLE,,,,,,,22.2,22.16388,,,,2019-02-07T13:49:20Z,2016,2016-01-01,2016-12-31
20674102,SDGWSHBOD,COUNTRY,AFG,YEAR,2016,SEX,BTSX,,,,,,,13.9,13.92067,,,,2019-02-07T13:49:20Z,2016,2016-01-01,2016-12-31
20674103,SDGWSHBOD,COUNTRY,AGO,YEAR,2016,SEX,BTSX,,,,,,,48.8,48.81467,,,,2019-02-07T13:49:20Z,2016,2016-01-01,2016-12-31
20674104,SDGWSHBOD,COUNTRY,ALB,YEAR,2016,SEX,BTSX,,,,,,,0.2,0.16641,,,,2019-02-07T13:49:20Z,2016,2016-01-01,2016-12-31
20674105,SDGWSHBOD,COUNTRY,ARE,YEAR,2016,SEX,BTSX,,,,,,,<0.1,0.02912,,,,2019-02-07T13:49:20Z,2016,2016-01-01,2016-12-31
20674106,SDGWSHBOD,COUNTRY,ARG,YEAR,2016,SEX,BTSX,,,,,,,0.4,0.36294,,,,2019-02-07T13:49:20Z,2016,2016-01-01,2016-12-31
20674107,SDGWSHBOD,COUNTRY,ARM,YEAR,2016,SEX,BTSX,,,,,,,0.2,0.17688,,,,2019-02-07T13:49:20Z,2016,2016-01-01,2016-12-31
20674108,SDGWSHBOD,COUNTRY,ATG,YEAR,2016,SEX,BTSX,,,,,,,0.1,0.11403,,,,2019-02-07T13:49:20Z,2016,2016-01-01,2016-12-31
20674109,SDGWSHBOD,COUNTRY,AUS,YEAR,2016,SEX,BTSX,,,,,,,0.1,0.09539,,,,2019-02-07T13:49:20Z,2016,2016-01-01,2016-12-31
20674110,SDGWSHBOD,COUNTRY,AUT,YEAR,2016,SEX,BTSX,,,,,,,0.1,0.12375,,,,2019-02-07T13:49:20Z,2016,2016-01-01,2016-12-31
20674111,SDGWSHBOD,COUNTRY,AZE,YEAR,2016,SEX,BTSX,,,,,,,1.1,1.11988,,,,2019-02-07T13:49:20Z,2016,2016-01-01,2016-12-31
20674112,SDGWSHBOD,COUNTRY,BDI,YEAR,2016,SEX,BTSX,,,,,,,65.4,65.40117,,,,2019-02-07T13:49:20Z,2016,2016-01-01,2016-12-31
20674113,SDGWSHBOD,COUNTRY,BEL,YEAR,2016,SEX,BTSX,,,,,,,0.3,0.28179,,,,2019-02-07T13:49:20Z,2016,2016-01-01,2016-12-31
20674114,SDGWSHBOD,COUNTRY,BEN,YEAR,2016,SEX,BTSX,,,,,,,59.7,59.73005,,,,2019-02-07T13:49:20Z,2016,2016-01-01,2016-12-31
20674115,SDGWSHBOD,COUNTRY,BFA,YEAR,2016,SEX,BTSX,,,,,,,49.6,49.64125,,,,2019-02-07T13:49:20Z,2016,2016-01-01,2016-12-31
20674116,SDGWSHBOD,COUNTRY,BGD,YEAR,2016,SEX,BTSX,,,,,,,11.9,11.94467,,,,2019-02-07T13:49:20Z,2016,2016-01-01,2016-12-31
20674117,SDGWSHBOD,COUNTRY,BGR,YEAR,2016,SEX,BTSX,,,,,,,0.1,0.12884,,,,2019-02-07T13:49:20Z,2016,2016-01-01,2016-12-31
20674118,SDGWSHBOD,COUNTRY,BHR,YEAR,2016,SEX,BTSX,,,,,,,<0.1,0.0396,,,,2019-02-07T13:49:20Z,2016,2016-01-01,2016-12-31
20674119,SDGWSHBOD,COUNTRY,BHS,YEAR,2016,SEX,BTSX,,,,,,,0.1,0.06853,,,,2019-02-07T13:49:20Z,2016,2016-01-01,2016-12-31
20674120,SDGWSHBOD,COUNTRY,BIH,YEAR,2016,SEX,BTSX,,,,,,,0.1,0.07872,,,,2019-02-07T13:49:20Z,2016,2016-01-01,2016-12-31
20674121,SDGWSHBOD,COUNTRY,BLR,YEAR,2016,SEX,BTSX,,,,,,,0.1,0.05165,,,,2019-02-07T13:49:20Z,2016,2016-01-01,2016-12-31
20674122,SDGWSHBOD,COUNTRY,BLZ,YEAR,2016,SEX,BTSX,,,,,,,1.0,0.96521,,,,2019-02-07T13:49:20Z,2016,2016-01-01,2016-12-31
20674123,SDGWSHBOD,COUNTRY,BOL,YEAR,2016,SEX,BTSX,,,,,,,5.6,5.57744,,,,2019-02-07T13:49:20Z,2016,2016-01-01,2016-12-31
20674124,SDGWSHBOD,COUNTRY,BRA,YEAR,2016,SEX,BTSX,,,,,,,1.0,1.047,,,,2019-02-07T13:49:20Z,2016,2016-01-01,2016-12-31
20674125,SDGWSHBOD,COUNTRY,BRB,YEAR,2016,SEX,BTSX,,,,,,,0.2,0.16462,,,,2019-02-07T13:49:20Z,2016,2016-01-01,2016-12-31
20674126,SDGWSHBOD,COUNTRY,BRN,YEAR,2016,SEX,BTSX,,,,,,,<0.1,0.0452,,,,2019-02-07T13:49:20Z,2016,2016-01-01,2016-12-31
20674127,SDGWSHBOD,COUNTRY,BTN,YEAR,2016,SEX,BTSX,,,,,,,3.9,3.94974,,,,2019-02-07T13:49:20Z,2016,2016-01-01,2016-12-31
20674128,SDGWSHBOD,COUNTRY,BWA,YEAR,2016,SEX,BTSX,,,,,,,11.8,11.76669,,,,2019-02-07T13:49:20Z,2016,2016-01-01,2016-12-31
20674129,SDGWSHBOD,COUNTRY,CAF,YEAR,2016,SEX,BTSX,,,,,,,82.1,82.11312,,,,2019-02-07T13:49:20Z,2016,2016-01-01,2016-12-31
20674130,SDGWSHBOD,COUNTRY,CAN,YEAR,2016,SEX,BTSX,,,,,,,0.4,0.36794,,,,2019-02-07T13:49:21Z,2016,2016-01-01,2016-12-31
20674131,SDGWSHBOD,COUNTRY,CHE,YEAR,2016,SEX,BTSX,,,,,,,0.1,0.13784,,,,2019-02-07T13:49:21Z,2016,2016-01-01,2016-12-31
20674132,SDGWSHBOD,COUNTRY,CHL,YEAR,2016,SEX,BTSX,,,,,,,0.2,0.20277,,,,2019-02-07T13:49:21Z,2016,2016-01-01,2016-12-31
20674133,SDGWSHBOD,COUNTRY,CHN,YEAR,2016,SEX,BTSX,,,,,,,0.6,0.57632,,,,2019-02-07T13:49:21Z,2016,2016-01-01,2016-12-31
20674134,SDGWSHBOD,COUNTRY,CIV,YEAR,2016,SEX,BTSX,,,,,,,47.2,47.15776,,,,2019-02-07T13:49:21Z,2016,2016-01-01,2016-12-31
20674135,SDGWSHBOD,COUNTRY,CMR,YEAR,2016,SEX,BTSX,,,,,,,45.2,45.15287,,,,2019-02-07T13:49:21Z,2016,2016-01-01,2016-12-31
20674136,SDGWSHBOD,COUNTRY,COD,YEAR,2016,SEX,BTSX,,,,,,,59.8,59.75592,,,,2019-02-07T13:49:21Z,2016,2016-01-01,2016-12-31
20674137,SDGWSHBOD,COUNTRY,COG,YEAR,2016,SEX,BTSX,,,,,,,38.7,38.70865,,,,2019-02-07T13:49:21Z,2016,2016-01-01,2016-12-31
20674138,SDGWSHBOD,COUNTRY,COL,YEAR,2016,SEX,BTSX,,,,,,,0.8,0.7531,,,,2019-02-07T13:49:21Z,2016,2016-01-01,2016-12-31
20674139,SDGWSHBOD,COUNTRY,COM,YEAR,2016,SEX,BTSX,,,,,,,50.7,50.73689,,,,2019-02-07T13:49:21Z,2016,2016-01-01,2016-12-31
20674140,SDGWSHBOD,COUNTRY,CPV,YEAR,2016,SEX,BTSX,,,,,,,4.1,4.13675,,,,2019-02-07T13:49:21Z,2016,2016-01-01,2016-12-31
20674141,SDGWSHBOD,COUNTRY,CRI,YEAR,2016,SEX,BTSX,,,,,,,0.9,0.86387,,,,2019-02-07T13:49:21Z,2016,2016-01-01,2016-12-31
20674142,SDGWSHBOD,COUNTRY,CUB,YEAR,2016,SEX,BTSX,,,,,,,1.0,1.02635,,,,2019-02-07T13:49:21Z,2016,2016-01-01,2016-12-31
20674143,SDGWSHBOD,COUNTRY,CYP,YEAR,2016,SEX,BTSX,,,,,,,0.3,0.27908,,,,2019-02-07T13:49:21Z,2016,2016-01-01,2016-12-31
20674144,SDGWSHBOD,COUNTRY,CZE,YEAR,2016,SEX,BTSX,,,,,,,0.2,0.17881,,,,2019-02-07T13:49:21Z,2016,2016-01-01,2016-12-31
20674145,SDGWSHBOD,COUNTRY,DEU,YEAR,2016,SEX,BTSX,,,,,,,0.6,0.58651,,,,2019-02-07T13:49:21Z,2016,2016-01-01,2016-12-31
20674146,SDGWSHBOD,COUNTRY,DJI,YEAR,2016,SEX,BTSX,,,,,,,31.3,31.28645,,,,2019-02-07T13:49:21Z,2016,2016-01-01,2016-12-31
20674147,SDGWSHBOD,COUNTRY,DNK,YEAR,2016,SEX,BTSX,,,,,,,0.3,0.30561,,,,2019-02-07T13:49:21Z,2016,2016-01-01,2016-12-31
20674148,SDGWSHBOD,COUNTRY,DOM,YEAR,2016,SEX,BTSX,,,,,,,2.2,2.20544,,,,2019-02-07T13:49:21Z,2016,2016-01-01,2016-12-31
20674149,SDGWSHBOD,COUNTRY,DZA,YEAR,2016,SEX,BTSX,,,,,,,1.9,1.86723,,,,2019-02-07T13:49:21Z,2016,2016-01-01,2016-12-31
20674150,SDGWSHBOD,COUNTRY,ECU,YEAR,2016,SEX,BTSX,,,,,,,0.6,0.64215,,,,2019-02-07T13:49:21Z,2016,2016-01-01,2016-12-31
20674151,SDGWSHBOD,COUNTRY,EGY,YEAR,2016,SEX,BTSX,,,,,,,2.0,2.0022,,,,2019-02-07T13:49:21Z,2016,2016-01-01,2016-12-31
20674152,SDGWSHBOD,COUNTRY,ERI,YEAR,2016,SEX,BTSX,,,,,,,45.6,45.56445,,,,2019-02-07T13:49:21Z,2016,2016-01-01,2016-12-31
20674153,SDGWSHBOD,COUNTRY,ESP,YEAR,2016,SEX,BTSX,,,,,,,0.2,0.15183,,,,2019-02-07T13:49:21Z,2016,2016-01-01,2016-12-31
20674154,SDGWSHBOD,COUNTRY,EST,YEAR,2016,SEX,BTSX,,,,,,,<0.1,0.00627,,,,2019-02-07T13:49:21Z,2016,2016-01-01,2016-12-31
20674155,SDGWSHBOD,COUNTRY,ETH,YEAR,2016,SEX,BTSX,,,,,,,43.7,43.66399,,,,2019-02-07T13:49:21Z,2016,2016-01-01,2016-12-31
20674156,SDGWSHBOD,COUNTRY,FIN,YEAR,2016,SEX,BTSX,,,,,,,<0.1,0.03616,,,,2019-02-07T13:49:21Z,2016,2016-01-01,2016-12-31
20674157,SDGWSHBOD,COUNTRY,FJI,YEAR,2016,SEX,BTSX,,,,,,,2.9,2.88769,,,,2019-02-07T13:49:21Z,2016,2016-01-01,2016-12-31
20674158,SDGWSHBOD,COUNTRY,FRA,YEAR,2016,SEX,BTSX,,,,,,,0.3,0.26542,,,,2019-02-07T13:49:21Z,2016,2016-01-01,2016-12-31
20674159,SDGWSHBOD,COUNTRY,FSM,YEAR,2016,SEX,BTSX,,,,,,,3.6,3.56993,,,,2019-02-07T13:49:21Z,2016,2016-01-01,2016-12-31
20674160,SDGWSHBOD,COUNTRY,GAB,YEAR,2016,SEX,BTSX,,,,,,,20.6,20.57946,,,,2019-02-07T13:49:21Z,2016,2016-01-01,2016-12-31
20674161,SDGWSHBOD,COUNTRY,GBR,YEAR,2016,SEX,BTSX,,,,,,,0.2,0.1972,,,,2019-02-07T13:49:21Z,2016,2016-01-01,2016-12-31
20674162,SDGWSHBOD,COUNTRY,GEO,YEAR,2016,SEX,BTSX,,,,,,,0.2,0.17978,,,,2019-02-07T13:49:21Z,2016,2016-01-01,2016-12-31
20674163,SDGWSHBOD,COUNTRY,GHA,YEAR,2016,SEX,BTSX,,,,,,,18.8,18.83582,,,,2019-02-07T13:49:21Z,2016,2016-01-01,2016-12-31
20674164,SDGWSHBOD,COUNTRY,GIN,YEAR,2016,SEX,BTSX,,,,,,,44.6,44.63392,,,,2019-02-07T13:49:21Z,2016,2016-01-01,2016-12-31
20674165,SDGWSHBOD,COUNTRY,GMB,YEAR,2016,SEX,BTSX,,,,,,,29.7,29.65944,,,,2019-02-07T13:49:21Z,2016,2016-01-01,2016-12-31
20674166,SDGWSHBOD,COUNTRY,GNB,YEAR,2016,SEX,BTSX,,,,,,,35.3,35.27235,,,,2019-02-07T13:49:21Z,2016,2016-01-01,2016-12-31
20674167,SDGWSHBOD,COUNTRY,GNQ,YEAR,2016,SEX,BTSX,,,,,,,22.3,22.28946,,,,2019-02-07T13:49:21Z,2016,2016-01-01,2016-12-31
20674168,SDGWSHBOD,COUNTRY,GRC,YEAR,2016,SEX,BTSX,,,,,,,<0.1,0.0371,,,,2019-02-07T13:49:21Z,2016,2016-01-01,2016-12-31
20674169,SDGWSHBOD,COUNTRY,GRD,YEAR,2016,SEX,BTSX,,,,,,,0.3,0.34283,,,,2019-02-07T13:49:21Z,2016,2016-01-01,2016-12-31
20674170,SDGWSHBOD,COUNTRY,GTM,YEAR,2016,SEX,BTSX,,,,,,,6.3,6.29517,,,,2019-02-07T13:49:21Z,2016,2016-01-01,2016-12-31
20674171,SDGWSHBOD,COUNTRY,GUY,YEAR,2016,SEX,BTSX,,,,,,,3.6,3.64877,,,,2019-02-07T13:49:21Z,2016,2016-01-01,2016-12-31
20674172,SDGWSHBOD,COUNTRY,HND,YEAR,2016,SEX,BTSX,,,,,,,3.6,3.6189,,,,2019-02-07T13:49:22Z,2016,2016-01-01,2016-12-31
20674173,SDGWSHBOD,COUNTRY,HRV,YEAR,2016,SEX,BTSX,,,,,,,0.1,0.11204,,,,2019-02-07T13:49:22Z,2016,2016-01-01,2016-12-31
20674174,SDGWSHBOD,COUNTRY,HTI,YEAR,2016,SEX,BTSX,,,,,,,23.8,23.79188,,,,2019-02-07T13:49:22Z,2016,2016-01-01,2016-12-31
20674175,SDGWSHBOD,COUNTRY,HUN,YEAR,2016,SEX,BTSX,,,,,,,0.2,0.23983,,,,2019-02-07T13:49:22Z,2016,2016-01-01,2016-12-31
20674176,SDGWSHBOD,COUNTRY,IDN,YEAR,2016,SEX,BTSX,,,,,,,7.1,7.05721,,,,2019-02-07T13:49:22Z,2016,2016-01-01,2016-12-31
20674177,SDGWSHBOD,COUNTRY,IND,YEAR,2016,SEX,BTSX,,,,,,,18.6,18.58389,,,,2019-02-07T13:49:22Z,2016,2016-01-01,2016-12-31
20674178,SDGWSHBOD,COUNTRY,IRL,YEAR,2016,SEX,BTSX,,,,,,,0.1,0.07416,,,,2019-02-07T13:49:22Z,2016,2016-01-01,2016-12-31
20674179,SDGWSHBOD,COUNTRY,IRN,YEAR,2016,SEX,BTSX,,,,,,,1.0,0.98453,,,,2019-02-07T13:49:22Z,2016,2016-01-01,2016-12-31
20674180,SDGWSHBOD,COUNTRY,IRQ,YEAR,2016,SEX,BTSX,,,,,,,3.0,3.03475,,,,2019-02-07T13:49:22Z,2016,2016-01-01,2016-12-31
20674181,SDGWSHBOD,COUNTRY,ISL,YEAR,2016,SEX,BTSX,,,,,,,0.1,0.10354,,,,2019-02-07T13:49:22Z,2016,2016-01-01,2016-12-31
20674182,SDGWSHBOD,COUNTRY,ISR,YEAR,2016,SEX,BTSX,,,,,,,0.2,0.24682,,,,2019-02-07T13:49:22Z,2016,2016-01-01,2016-12-31
20674183,SDGWSHBOD,COUNTRY,ITA,YEAR,2016,SEX,BTSX,,,,,,,0.1,0.13718,,,,2019-02-07T13:49:22Z,2016,2016-01-01,2016-12-31
20674184,SDGWSHBOD,COUNTRY,JAM,YEAR,2016,SEX,BTSX,,,,,,,0.6,0.61365,,,,2019-02-07T13:49:22Z,2016,2016-01-01,2016-12-31
20674185,SDGWSHBOD,COUNTRY,JOR,YEAR,2016,SEX,BTSX,,,,,,,0.6,0.62637,,,,2019-02-07T13:49:22Z,2016,2016-01-01,2016-12-31
20674186,SDGWSHBOD,COUNTRY,JPN,YEAR,2016,SEX,BTSX,,,,,,,0.2,0.1667,,,,2019-02-07T13:49:22Z,2016,2016-01-01,2016-12-31
20674187,SDGWSHBOD,COUNTRY,KAZ,YEAR,2016,SEX,BTSX,,,,,,,0.4,0.38312,,,,2019-02-07T13:49:22Z,2016,2016-01-01,2016-12-31
20674188,SDGWSHBOD,COUNTRY,KEN,YEAR,2016,SEX,BTSX,,,,,,,51.2,51.1546,,,,2019-02-07T13:49:22Z,2016,2016-01-01,2016-12-31
20674189,SDGWSHBOD,COUNTRY,KGZ,YEAR,2016,SEX,BTSX,,,,,,,0.8,0.77594,,,,2019-02-07T13:49:22Z,2016,2016-01-01,2016-12-31
20674190,SDGWSHBOD,COUNTRY,KHM,YEAR,2016,SEX,BTSX,,,,,,,6.5,6.47033,,,,2019-02-07T13:49:22Z,2016,2016-01-01,2016-12-31
20674191,SDGWSHBOD,COUNTRY,KIR,YEAR,2016,SEX,BTSX,,,,,,,16.7,16.6583,,,,2019-02-07T13:49:22Z,2016,2016-01-01,2016-12-31
20674192,SDGWSHBOD,COUNTRY,KOR,YEAR,2016,SEX,BTSX,,,,,,,1.8,1.80559,,,,2019-02-07T13:49:22Z,2016,2016-01-01,2016-12-31
20674193,SDGWSHBOD,COUNTRY,KWT,YEAR,2016,SEX,BTSX,,,,,,,<0.1,0.01242,,,,2019-02-07T13:49:22Z,2016,2016-01-01,2016-12-31
20674194,SDGWSHBOD,COUNTRY,LAO,YEAR,2016,SEX,BTSX,,,,,,,11.3,11.31273,,,,2019-02-07T13:49:22Z,2016,2016-01-01,2016-12-31
20674195,SDGWSHBOD,COUNTRY,LBN,YEAR,2016,SEX,BTSX,,,,,,,0.8,0.78675,,,,2019-02-07T13:49:22Z,2016,2016-01-01,2016-12-31
20674196,SDGWSHBOD,COUNTRY,LBR,YEAR,2016,SEX,BTSX,,,,,,,41.5,41.54313,,,,2019-02-07T13:49:22Z,2016,2016-01-01,2016-12-31
20674197,SDGWSHBOD,COUNTRY,LBY,YEAR,2016,SEX,BTSX,,,,,,,0.6,0.5827,,,,2019-02-07T13:49:22Z,2016,2016-01-01,2016-12-31
20674198,SDGWSHBOD,COUNTRY,LCA,YEAR,2016,SEX,BTSX,,,,,,,0.6,0.62866,,,,2019-02-07T13:49:22Z,2016,2016-01-01,2016-12-31
20674199,SDGWSHBOD,COUNTRY,LKA,YEAR,2016,SEX,BTSX,,,,,,,1.2,1.19003,,,,2019-02-07T13:49:22Z,2016,2016-01-01,2016-12-31
20674200,SDGWSHBOD,COUNTRY,LSO,YEAR,2016,SEX,BTSX,,,,,,,44.4,44.35666,,,,2019-02-07T13:49:22Z,2016,2016-01-01,2016-12-31
20674201,SDGWSHBOD,COUNTRY,LTU,YEAR,2016,SEX,BTSX,,,,,,,0.1,0.08078,,,,2019-02-07T13:49:22Z,2016,2016-01-01,2016-12-31
20674202,SDGWSHBOD,COUNTRY,LUX,YEAR,2016,SEX,BTSX,,,,,,,<0.1,0.0485,,,,2019-02-07T13:49:22Z,2016,2016-01-01,2016-12-31
20674203,SDGWSHBOD,COUNTRY,LVA,YEAR,2016,SEX,BTSX,,,,,,,<0.1,0.0206,,,,2019-02-07T13:49:22Z,2016,2016-01-01,2016-12-31
20674204,SDGWSHBOD,COUNTRY,MAR,YEAR,2016,SEX,BTSX,,,,,,,1.9,1.90323,,,,2019-02-07T13:49:22Z,2016,2016-01-01,2016-12-31
20674205,SDGWSHBOD,COUNTRY,MDA,YEAR,2016,SEX,BTSX,,,,,,,0.1,0.09594,,,,2019-02-07T13:49:22Z,2016,2016-01-01,2016-12-31
20674206,SDGWSHBOD,COUNTRY,MDG,YEAR,2016,SEX,BTSX,,,,,,,30.2,30.23168,,,,2019-02-07T13:49:22Z,2016,2016-01-01,2016-12-31
20674207,SDGWSHBOD,COUNTRY,MDV,YEAR,2016,SEX,BTSX,,,,,,,0.3,0.30585,,,,2019-02-07T13:49:22Z,2016,2016-01-01,2016-12-31
20674208,SDGWSHBOD,COUNTRY,MEX,YEAR,2016,SEX,BTSX,,,,,,,1.1,1.05554,,,,2019-02-07T13:49:23Z,2016,2016-01-01,2016-12-31
20674209,SDGWSHBOD,COUNTRY,MKD,YEAR,2016,SEX,BTSX,,,,,,,0.1,0.07433,,,,2019-02-07T13:49:23Z,2016,2016-01-01,2016-12-31
20674210,SDGWSHBOD,COUNTRY,MLI,YEAR,2016,SEX,BTSX,,,,,,,70.7,70.7214,,,,2019-02-07T13:49:23Z,2016,2016-01-01,2016-12-31
20674211,SDGWSHBOD,COUNTRY,MLT,YEAR,2016,SEX,BTSX,,,,,,,<0.1,0.03337,,,,2019-02-07T13:49:23Z,2016,2016-01-01,2016-12-31
20674212,SDGWSHBOD,COUNTRY,MMR,YEAR,2016,SEX,BTSX,,,,,,,12.6,12.61942,,,,2019-02-07T13:49:23Z,2016,2016-01-01,2016-12-31
20674213,SDGWSHBOD,COUNTRY,MNE,YEAR,2016,SEX,BTSX,,,,,,,<0.1,0.02545,,,,2019-02-07T13:49:23Z,2016,2016-01-01,2016-12-31
20674214,SDGWSHBOD,COUNTRY,MNG,YEAR,2016,SEX,BTSX,,,,,,,1.3,1.28871,,,,2019-02-07T13:49:23Z,2016,2016-01-01,2016-12-31
20674215,SDGWSHBOD,COUNTRY,MOZ,YEAR,2016,SEX,BTSX,,,,,,,27.6,27.62905,,,,2019-02-07T13:49:23Z,2016,2016-01-01,2016-12-31
20674216,SDGWSHBOD,COUNTRY,MRT,YEAR,2016,SEX,BTSX,,,,,,,38.6,38.56949,,,,2019-02-07T13:49:23Z,2016,2016-01-01,2016-12-31
20674217,SDGWSHBOD,COUNTRY,MUS,YEAR,2016,SEX,BTSX,,,,,,,0.6,0.58845,,,,2019-02-07T13:49:23Z,2016,2016-01-01,2016-12-31
20674218,SDGWSHBOD,COUNTRY,MWI,YEAR,2016,SEX,BTSX,,,,,,,28.3,28.29031,,,,2019-02-07T13:49:23Z,2016,2016-01-01,2016-12-31
20674219,SDGWSHBOD,COUNTRY,MYS,YEAR,2016,SEX,BTSX,,,,,,,0.4,0.41999,,,,2019-02-07T13:49:23Z,2016,2016-01-01,2016-12-31
20674220,SDGWSHBOD,COUNTRY,NAM,YEAR,2016,SEX,BTSX,,,,,,,18.3,18.31716,,,,2019-02-07T13:49:23Z,2016,2016-01-01,2016-12-31
20674221,SDGWSHBOD,COUNTRY,NER,YEAR,2016,SEX,BTSX,,,,,,,70.8,70.81496,,,,2019-02-07T13:49:23Z,2016,2016-01-01,2016-12-31
20674222,SDGWSHBOD,COUNTRY,NGA,YEAR,2016,SEX,BTSX,,,,,,,68.6,68.62818,,,,2019-02-07T13:49:23Z,2016,2016-01-01,2016-12-31
20674223,SDGWSHBOD,COUNTRY,NIC,YEAR,2016,SEX,BTSX,,,,,,,2.2,2.24431,,,,2019-02-07T13:49:23Z,2016,2016-01-01,2016-12-31
20674224,SDGWSHBOD,COUNTRY,NLD,YEAR,2016,SEX,BTSX,,,,,,,0.2,0.24093,,,,2019-02-07T13:49:23Z,2016,2016-01-01,2016-12-31
20674225,SDGWSHBOD,COUNTRY,NOR,YEAR,2016,SEX,BTSX,,,,,,,0.2,0.21161,,,,2019-02-07T13:49:23Z,2016,2016-01-01,2016-12-31
20674226,SDGWSHBOD,COUNTRY,NPL,YEAR,2016,SEX,BTSX,,,,,,,19.8,19.82954,,,,2019-02-07T13:49:23Z,2016,2016-01-01,2016-12-31
20674227,SDGWSHBOD,COUNTRY,NZL,YEAR,2016,SEX,BTSX,,,,,,,0.1,0.14577,,,,2019-02-07T13:49:23Z,2016,2016-01-01,2016-12-31
20674228,SDGWSHBOD,COUNTRY,OMN,YEAR,2016,SEX,BTSX,,,,,,,<0.1,0.04553,,,,2019-02-07T13:49:23Z,2016,2016-01-01,2016-12-31
20674229,SDGWSHBOD,COUNTRY,PAK,YEAR,2016,SEX,BTSX,,,,,,,19.6,19.58922,,,,2019-02-07T13:49:23Z,2016,2016-01-01,2016-12-31
20674230,SDGWSHBOD,COUNTRY,PAN,YEAR,2016,SEX,BTSX,,,,,,,1.9,1.89632,,,,2019-02-07T13:49:23Z,2016,2016-01-01,2016-12-31
20674231,SDGWSHBOD,COUNTRY,PER,YEAR,2016,SEX,BTSX,,,,,,,1.3,1.27684,,,,2019-02-07T13:49:23Z,2016,2016-01-01,2016-12-31
20674232,SDGWSHBOD,COUNTRY,PHL,YEAR,2016,SEX,BTSX,,,,,,,4.2,4.19289,,,,2019-02-07T13:49:23Z,2016,2016-01-01,2016-12-31
20674233,SDGWSHBOD,COUNTRY,PNG,YEAR,2016,SEX,BTSX,,,,,,,16.3,16.30974,,,,2019-02-07T13:49:23Z,2016,2016-01-01,2016-12-31
20674234,SDGWSHBOD,COUNTRY,POL,YEAR,2016,SEX,BTSX,,,,,,,0.1,0.09072,,,,2019-02-07T13:49:23Z,2016,2016-01-01,2016-12-31
20674235,SDGWSHBOD,COUNTRY,PRK,YEAR,2016,SEX,BTSX,,,,,,,1.4,1.35658,,,,2019-02-07T13:49:23Z,2016,2016-01-01,2016-12-31
20674236,SDGWSHBOD,COUNTRY,PRT,YEAR,2016,SEX,BTSX,,,,,,,0.2,0.15292,,,,2019-02-07T13:49:23Z,2016,2016-01-01,2016-12-31
20674237,SDGWSHBOD,COUNTRY,PRY,YEAR,2016,SEX,BTSX,,,,,,,1.5,1.46453,,,,2019-02-07T13:49:23Z,2016,2016-01-01,2016-12-31
20674238,SDGWSHBOD,COUNTRY,QAT,YEAR,2016,SEX,BTSX,,,,,,,<0.1,0.00811,,,,2019-02-07T13:49:23Z,2016,2016-01-01,2016-12-31
20674239,SDGWSHBOD,COUNTRY,ROU,YEAR,2016,SEX,BTSX,,,,,,,0.4,0.36236,,,,2019-02-07T13:49:23Z,2016,2016-01-01,2016-12-31
20674240,SDGWSHBOD,COUNTRY,RUS,YEAR,2016,SEX,BTSX,,,,,,,0.1,0.10474,,,,2019-02-07T13:49:23Z,2016,2016-01-01,2016-12-31
20674241,SDGWSHBOD,COUNTRY,RWA,YEAR,2016,SEX,BTSX,,,,,,,19.3,19.34948,,,,2019-02-07T13:49:23Z,2016,2016-01-01,2016-12-31
20674242,SDGWSHBOD,COUNTRY,SAU,YEAR,2016,SEX,BTSX,,,,,,,0.1,0.09226,,,,2019-02-07T13:49:23Z,2016,2016-01-01,2016-12-31
20674243,SDGWSHBOD,COUNTRY,SDN,YEAR,2016,SEX,BTSX,,,,,,,17.3,17.32224,,,,2019-02-07T13:49:23Z,2016,2016-01-01,2016-12-31
20674244,SDGWSHBOD,COUNTRY,SEN,YEAR,2016,SEX,BTSX,,,,,,,23.9,23.86927,,,,2019-02-07T13:49:23Z,2016,2016-01-01,2016-12-31
20674245,SDGWSHBOD,COUNTRY,SGP,YEAR,2016,SEX,BTSX,,,,,,,0.1,0.06611,,,,2019-02-07T13:49:23Z,2016,2016-01-01,2016-12-31
20674246,SDGWSHBOD,COUNTRY,SLB,YEAR,2016,SEX,BTSX,,,,,,,6.2,6.17562,,,,2019-02-07T13:49:23Z,2016,2016-01-01,2016-12-31
20674247,SDGWSHBOD,COUNTRY,SLE,YEAR,2016,SEX,BTSX,,,,,,,81.3,81.29262,,,,2019-02-07T13:49:23Z,2016,2016-01-01,2016-12-31
20674248,SDGWSHBOD,COUNTRY,SLV,YEAR,2016,SEX,BTSX,,,,,,,2.0,2.00514,,,,2019-02-07T13:49:24Z,2016,2016-01-01,2016-12-31
20674249,SDGWSHBOD,COUNTRY,SOM,YEAR,2016,SEX,BTSX,,,,,,,86.6,86.57523,,,,2019-02-07T13:49:24Z,2016,2016-01-01,2016-12-31
20674250,SDGWSHBOD,COUNTRY,SRB,YEAR,2016,SEX,BTSX,,,,,,,0.7,0.73678,,,,2019-02-07T13:49:24Z,2016,2016-01-01,2016-12-31
20674251,SDGWSHBOD,COUNTRY,SSD,YEAR,2016,SEX,BTSX,,,,,,,63.3,63.28665,,,,2019-02-07T13:49:24Z,2016,2016-01-01,2016-12-31
20674252,SDGWSHBOD,COUNTRY,STP,YEAR,2016,SEX,BTSX,,,,,,,11.4,11.3611,,,,2019-02-07T13:49:24Z,2016,2016-01-01,2016-12-31
20674253,SDGWSHBOD,COUNTRY,SUR,YEAR,2016,SEX,BTSX,,,,,,,2.0,2.00714,,,,2019-02-07T13:49:24Z,2016,2016-01-01,2016-12-31
20674254,SDGWSHBOD,COUNTRY,SVK,YEAR,2016,SEX,BTSX,,,,,,,<0.1,0.04474,,,,2019-02-07T13:49:24Z,2016,2016-01-01,2016-12-31
20674255,SDGWSHBOD,COUNTRY,SVN,YEAR,2016,SEX,BTSX,,,,,,,<0.1,0.02115,,,,2019-02-07T13:49:24Z,2016,2016-01-01,2016-12-31
20674256,SDGWSHBOD,COUNTRY,SWE,YEAR,2016,SEX,BTSX,,,,,,,0.2,0.21519,,,,2019-02-07T13:49:24Z,2016,2016-01-01,2016-12-31
20674257,SDGWSHBOD,COUNTRY,SWZ,YEAR,2016,SEX,BTSX,,,,,,,27.9,27.89303,,,,2019-02-07T13:49:24Z,2016,2016-01-01,2016-12-31
20674258,SDGWSHBOD,COUNTRY,SYC,YEAR,2016,SEX,BTSX,,,,,,,0.2,0.1694,,,,2019-02-07T13:49:24Z,2016,2016-01-01,2016-12-31
20674259,SDGWSHBOD,COUNTRY,SYR,YEAR,2016,SEX,BTSX,,,,,,,3.7,3.6654,,,,2019-02-07T13:49:24Z,2016,2016-01-01,2016-12-31
20674260,SDGWSHBOD,COUNTRY,TCD,YEAR,2016,SEX,BTSX,,,,,,,101.0,101.04312,,,,2019-02-07T13:49:24Z,2016,2016-01-01,2016-12-31
20674261,SDGWSHBOD,COUNTRY,TGO,YEAR,2016,SEX,BTSX,,,,,,,41.6,41.63327,,,,2019-02-07T13:49:24Z,2016,2016-01-01,2016-12-31
20674262,SDGWSHBOD,COUNTRY,THA,YEAR,2016,SEX,BTSX,,,,,,,3.5,3.50653,,,,2019-02-07T13:49:24Z,2016,2016-01-01,2016-12-31
20674263,SDGWSHBOD,COUNTRY,TJK,YEAR,2016,SEX,BTSX,,,,,,,2.7,2.70048,,,,2019-02-07T13:49:24Z,2016,2016-01-01,2016-12-31
20674264,SDGWSHBOD,COUNTRY,TKM,YEAR,2016,SEX,BTSX,,,,,,,4.0,3.97765,,,,2019-02-07T13:49:24Z,2016,2016-01-01,2016-12-31
20674265,SDGWSHBOD,COUNTRY,TLS,YEAR,2016,SEX,BTSX,,,,,,,9.9,9.91329,,,,2019-02-07T13:49:24Z,2016,2016-01-01,2016-12-31
20674266,SDGWSHBOD,COUNTRY,TON,YEAR,2016,SEX,BTSX,,,,,,,1.4,1.42545,,,,2019-02-07T13:49:24Z,2016,2016-01-01,2016-12-31
20674267,SDGWSHBOD,COUNTRY,TTO,YEAR,2016,SEX,BTSX,,,,,,,0.1,0.14189,,,,2019-02-07T13:49:24Z,2016,2016-01-01,2016-12-31
20674268,SDGWSHBOD,COUNTRY,TUN,YEAR,2016,SEX,BTSX,,,,,,,1.0,1.01527,,,,2019-02-07T13:49:24Z,2016,2016-01-01,2016-12-31
20674269,SDGWSHBOD,COUNTRY,TUR,YEAR,2016,SEX,BTSX,,,,,,,0.3,0.2957,,,,2019-02-07T13:49:24Z,2016,2016-01-01,2016-12-31
20674270,SDGWSHBOD,COUNTRY,TZA,YEAR,2016,SEX,BTSX,,,,,,,38.4,38.40323,,,,2019-02-07T13:49:24Z,2016,2016-01-01,2016-12-31
20674271,SDGWSHBOD,COUNTRY,UGA,YEAR,2016,SEX,BTSX,,,,,,,31.6,31.55895,,,,2019-02-07T13:49:24Z,2016,2016-01-01,2016-12-31
20674272,SDGWSHBOD,COUNTRY,UKR,YEAR,2016,SEX,BTSX,,,,,,,0.3,0.26862,,,,2019-02-07T13:49:24Z,2016,2016-01-01,2016-12-31
20674273,SDGWSHBOD,COUNTRY,URY,YEAR,2016,SEX,BTSX,,,,,,,0.4,0.36017,,,,2019-02-07T13:49:24Z,2016,2016-01-01,2016-12-31
20674274,SDGWSHBOD,COUNTRY,USA,YEAR,2016,SEX,BTSX,,,,,,,0.2,0.23153,,,,2019-02-07T13:49:24Z,2016,2016-01-01,2016-12-31
20674275,SDGWSHBOD,COUNTRY,UZB,YEAR,2016,SEX,BTSX,,,,,,,0.4,0.44151,,,,2019-02-07T13:49:24Z,2016,2016-01-01,2016-12-31
20674276,SDGWSHBOD,COUNTRY,VCT,YEAR,2016,SEX,BTSX,,,,,,,1.3,1.33276,,,,2019-02-07T13:49:24Z,2016,2016-01-01,2016-12-31
20674277,SDGWSHBOD,COUNTRY,VEN,YEAR,2016,SEX,BTSX,,,,,,,1.4,1.3903,,,,2019-02-07T13:49:24Z,2016,2016-01-01,2016-12-31
20674278,SDGWSHBOD,COUNTRY,VNM,YEAR,2016,SEX,BTSX,,,,,,,1.6,1.6208,,,,2019-02-07T13:49:24Z,2016,2016-01-01,2016-12-31
20674279,SDGWSHBOD,COUNTRY,VUT,YEAR,2016,SEX,BTSX,,,,,,,10.4,10.41773,,,,2019-02-07T13:49:24Z,2016,2016-01-01,2016-12-31
20674280,SDGWSHBOD,COUNTRY,WSM,YEAR,2016,SEX,BTSX,,,,,,,1.5,1.48876,,,,2019-02-07T13:49:24Z,2016,2016-01-01,2016-12-31
20674281,SDGWSHBOD,COUNTRY,YEM,YEAR,2016,SEX,BTSX,,,,,,,10.2,10.20328,,,,2019-02-07T13:49:24Z,2016,2016-01-01,2016-12-31
20674282,SDGWSHBOD,COUNTRY,ZAF,YEAR,2016,SEX,BTSX,,,,,,,13.7,13.66885,,,,2019-02-07T13:49:24Z,2016,2016-01-01,2016-12-31
20674283,SDGWSHBOD,COUNTRY,ZMB,YEAR,2016,SEX,BTSX,,,,,,,34.9,34.91273,,,,2019-02-07T13:49:24Z,2016,2016-01-01,2016-12-31
20674284,SDGWSHBOD,COUNTRY,ZWE,YEAR,2016,SEX,BTSX,,,,,,,24.6,24.55074,,,,2019-02-07T13:49:24Z,2016,2016-01-01,2016-12-31
20674285,SDGWSHBOD,REGION,AFR,YEAR,2016,SEX,MLE,,,,,,,48.2,48.20112,,,,2019-02-07T13:49:24Z,2016,2016-01-01,2016-12-31
20674286,SDGWSHBOD,REGION,AMR,YEAR,2016,SEX,MLE,,,,,,,1.2,1.16302,,,,2019-02-07T13:49:24Z,2016,2016-01-01,2016-12-31
20674287,SDGWSHBOD,REGION,EMR,YEAR,2016,SEX,MLE,,,,,,,9.2,9.15994,,,,2019-02-07T13:49:24Z,2016,2016-01-01,2016-12-31
20674288,SDGWSHBOD,REGION,EUR,YEAR,2016,SEX,MLE,,,,,,,0.3,0.2788,,,,2019-02-07T13:49:24Z,2016,2016-01-01,2016-12-31
20674289,SDGWSHBOD,REGION,SEAR,YEAR,2016,SEX,MLE,,,,,,,13.3,13.3073,,,,2019-02-07T13:49:24Z,2016,2016-01-01,2016-12-31
20674290,SDGWSHBOD,REGION,WPR,YEAR,2016,SEX,MLE,,,,,,,1.0,0.95366,,,,2019-02-07T13:49:24Z,2016,2016-01-01,2016-12-31
20674291,SDGWSHBOD,REGION,GLOBAL,YEAR,2016,SEX,MLE,,,,,,,11.4,11.35179,,,,2019-02-07T13:49:24Z,2016,2016-01-01,2016-12-31
20674292,SDGWSHBOD,REGION,AFR,YEAR,2016,SEX,FMLE,,,,,,,43.5,43.50824,,,,2019-02-07T13:49:24Z,2016,2016-01-01,2016-12-31
20674293,SDGWSHBOD,REGION,AMR,YEAR,2016,SEX,FMLE,,,,,,,1.1,1.13308,,,,2019-02-07T13:49:24Z,2016,2016-01-01,2016-12-31
20674294,SDGWSHBOD,REGION,EMR,YEAR,2016,SEX,FMLE,,,,,,,12.2,12.16095,,,,2019-02-07T13:49:24Z,2016,2016-01-01,2016-12-31
20674295,SDGWSHBOD,REGION,EUR,YEAR,2016,SEX,FMLE,,,,,,,0.3,0.31427,,,,2019-02-07T13:49:24Z,2016,2016-01-01,2016-12-31
20674296,SDGWSHBOD,REGION,SEAR,YEAR,2016,SEX,FMLE,,,,,,,17.6,17.55664,,,,2019-02-07T13:49:24Z,2016,2016-01-01,2016-12-31
20674297,SDGWSHBOD,REGION,WPR,YEAR,2016,SEX,FMLE,,,,,,,1.0,1.01119,,,,2019-02-07T13:49:25Z,2016,2016-01-01,2016-12-31
20674298,SDGWSHBOD,REGION,GLOBAL,YEAR,2016,SEX,FMLE,,,,,,,12.1,12.08361,,,,2019-02-07T13:49:25Z,2016,2016-01-01,2016-12-31
20674299,SDGWSHBOD,REGION,AFR,YEAR,2016,SEX,BTSX,,,,,,,45.8,45.84956,,,,2019-02-07T13:49:25Z,2016,2016-01-01,2016-12-31
20674300,SDGWSHBOD,REGION,AMR,YEAR,2016,SEX,BTSX,,,,,,,1.1,1.14789,,,,2019-02-07T13:49:25Z,2016,2016-01-01,2016-12-31
20674301,SDGWSHBOD,REGION,EMR,YEAR,2016,SEX,BTSX,,,,,,,10.6,10.61352,,,,2019-02-07T13:49:25Z,2016,2016-01-01,2016-12-31
20674302,SDGWSHBOD,REGION,EUR,YEAR,2016,SEX,BTSX,,,,,,,0.3,0.29707,,,,2019-02-07T13:49:25Z,2016,2016-01-01,2016-12-31
20674303,SDGWSHBOD,REGION,SEAR,YEAR,2016,SEX,BTSX,,,,,,,15.4,15.38095,,,,2019-02-07T13:49:25Z,2016,2016-01-01,2016-12-31
20674304,SDGWSHBOD,REGION,WPR,YEAR,2016,SEX,BTSX,,,,,,,1.0,0.98182,,,,2019-02-07T13:49:25Z,2016,2016-01-01,2016-12-31
20674305,SDGWSHBOD,REGION,GLOBAL,YEAR,2016,SEX,BTSX,,,,,,,11.7,11.71442,,,,2019-02-07T13:49:25Z,2016,2016-01-01,2016-12-31
